"Name","Length","LastWriteTime"
"136.0.7103.93_135.0.7049.115_-184C6F67.pf","25426","09-05-2025 07:52:43 PM"
"ACROBAT.EXE-F94F9B29.pf","55945","26-09-2025 07:37:49 PM"
"ACROBAT.EXE-F94F9B2A.pf","62652","26-09-2025 07:37:44 PM"
"AI.EXE-C5B0F666.pf","56880","31-10-2025 04:53:26 PM"
"AIMGR.EXE-1D997330.pf","19269","27-10-2025 04:44:30 PM"
"AIMGR.EXE-4B7499ED.pf","18444","31-10-2025 04:53:51 PM"
"AM_DELTA.EXE-78CA83B0.pf","2149","27-10-2025 11:26:17 AM"
"AM_DELTA_PATCH_1.439.479.0.EX-0811B8C1.pf","2161","28-10-2025 11:46:48 AM"
"AM_DELTA_PATCH_1.439.509.0.EX-00F940AB.pf","2203","28-10-2025 03:08:05 PM"
"AM_DELTA_PATCH_1.439.512.0.EX-50A128A5.pf","2151","28-10-2025 08:24:49 PM"
"AM_DELTA_PATCH_1.439.517.0.EX-D59EF4AE.pf","2163","29-10-2025 12:05:02 PM"
"AM_DELTA_PATCH_1.439.535.0.EX-80E97B1E.pf","2163","30-10-2025 12:41:10 PM"
"AM_DELTA_PATCH_1.439.558.0.EX-B131CD97.pf","2344","30-10-2025 07:29:43 PM"
"AM_DELTA_PATCH_1.439.568.0.EX-87D6A004.pf","2414","31-10-2025 11:46:23 AM"
"ANYDESK.EXE-DB935E04.pf","22955","31-10-2025 11:36:51 AM"
"APPACTIONS.EXE-1B86A9F9.pf","21970","30-10-2025 12:29:36 PM"
"APPACTIONS.EXE-B02F2028.pf","20253","31-10-2025 11:36:20 AM"
"APPLICATIONFRAMEHOST.EXE-8CE9A1EE.pf","29229","28-10-2025 03:03:54 PM"
"APPVSHNOTIFY.EXE-FB3C42F5.pf","7699","31-10-2025 03:20:31 PM"
"ARP.EXE-ED14DF84.pf","2813","31-10-2025 06:50:37 PM"
"ATBROKER.EXE-5CD29207.pf","3483","30-10-2025 07:15:48 PM"
"AUDIODG.EXE-AB22E9A6.pf","25584","31-10-2025 06:50:01 PM"
"BACKGROUNDTASKHOST.EXE-CAD1DF16.pf","15601","31-10-2025 06:49:16 PM"
"BACKGROUNDTASKHOST.EXE-E78045AC.pf","35111","30-10-2025 01:42:13 PM"
"BACKGROUNDTRANSFERHOST.EXE-E7B7D877.pf","9634","29-10-2025 11:54:48 AM"
"BDEUISRV.EXE-7BC33651.pf","4981","31-10-2025 06:49:58 PM"
"CAA.EXE-C1857254.pf","8613","31-10-2025 11:36:22 AM"
"CALCULATORAPP.EXE-562DD422.pf","56734","27-10-2025 02:15:30 PM"
"CEFSHARP.BROWSERSUBPROCESS.EX-32F5EC77.pf","37368","29-10-2025 01:43:36 PM"
"CEFSHARP.BROWSERSUBPROCESS.EX-32F5EC78.pf","21814","29-10-2025 01:43:24 PM"
"CEFSHARP.BROWSERSUBPROCESS.EX-32F5EC7E.pf","22863","29-10-2025 01:43:36 PM"
"CHATGPT.EXE-0140405B.pf","90228","28-10-2025 02:58:15 PM"
"CHATGPT.EXE-0140405C.pf","30161","31-10-2025 11:36:32 AM"
"CHATGPT.EXE-0140405D.pf","37122","28-10-2025 02:58:16 PM"
"CHATGPT.EXE-0140405F.pf","6533","28-10-2025 08:14:14 PM"
"CHATGPT.EXE-01404065.pf","22572","31-10-2025 11:38:29 AM"
"CHATGPT.EXE-01404066.pf","11761","28-10-2025 02:58:16 PM"
"CHATGPT.EXE-C856B3B5.pf","76098","17-09-2025 07:47:48 PM"
"CHCP.COM-2CF9B15C.pf","1868","28-10-2025 02:58:06 PM"
"CHOICE.EXE-42DD1650.pf","2938","29-10-2025 07:07:34 PM"
"CHOICE.EXE-78DC61EC.pf","2488","31-10-2025 06:50:10 PM"
"CHROME.EXE-AED7BA3C.pf","89176","31-10-2025 12:57:26 PM"
"CHROME.EXE-AED7BA3D.pf","56188","31-10-2025 02:29:41 PM"
"CHROME.EXE-AED7BA3E.pf","41740","31-10-2025 12:57:36 PM"
"CHROME.EXE-AED7BA40.pf","6661","31-10-2025 12:57:36 PM"
"CHROME.EXE-AED7BA45.pf","23732","31-10-2025 02:31:34 PM"
"CHROME.EXE-AED7BA46.pf","30585","31-10-2025 12:59:26 PM"
"CHROME.EXE-AED7BA47.pf","37369","31-10-2025 12:57:36 PM"
"CHROME.EXE-AED7BA48.pf","14272","31-10-2025 01:41:01 PM"
"CHROME.EXE-AED7BA49.pf","14214","31-10-2025 12:57:36 PM"
"CHROME.EXE-AED7BA4A.pf","28888","31-10-2025 05:58:43 PM"
"CMD.EXE-0BD30981.pf","9104","31-10-2025 06:50:24 PM"
"CMD.EXE-6D6290C5.pf","3001","29-10-2025 07:06:59 PM"
"CMDKEY.EXE-C46C56FE.pf","1878","31-10-2025 06:50:40 PM"
"COMPATTELRUNNER.EXE-B7A68ECC.pf","24818","30-10-2025 12:58:19 PM"
"COMPPKGSRV.EXE-4780F0C1.pf","6897","31-10-2025 01:54:48 PM"
"CONHOST.EXE-0C6456FB.pf","10147","31-10-2025 06:50:24 PM"
"CONSENT.EXE-40419367.pf","65969","31-10-2025 06:50:13 PM"
"COPILOT.EXE-5DA71183.pf","66877","29-10-2025 01:43:49 PM"
"CORTEXLAUNCHERSERVICE.EXE-CD3B1B13.pf","4750","29-10-2025 07:07:30 PM"
"CPTHOST.EXE-EDFC96D2.pf","43434","24-09-2025 05:57:18 PM"
"CREDENTIALUIBROKER.EXE-8CEDA3EB.pf","52610","30-10-2025 07:03:31 PM"
"CROSSDEVICESERVICE.EXE-EB3D87C4.pf","66230","31-10-2025 11:36:42 AM"
"CSRSS.EXE-F3C368CB.pf","4817","30-10-2025 07:15:49 PM"
"CTFMON.EXE-795F8130.pf","12920","31-10-2025 06:49:26 PM"
"DASHOST.EXE-4B84F273.pf","4591","28-10-2025 01:47:10 PM"
"DATAEXCHANGEHOST.EXE-8B66795C.pf","27850","30-10-2025 07:09:57 PM"
"DEFRAG.EXE-3D9E8D72.pf","4280","30-10-2025 04:40:40 PM"
"DLLHOST.EXE-095CC4B0.pf","9341","27-10-2025 04:23:35 PM"
"DLLHOST.EXE-1658781E.pf","4721","27-10-2025 12:47:31 PM"
"DLLHOST.EXE-1BAE06BB.pf","5538","31-10-2025 11:50:59 AM"
"DLLHOST.EXE-3C31500B.pf","8456","27-10-2025 04:26:29 PM"
"DLLHOST.EXE-3F9B2B1D.pf","10230","28-10-2025 01:56:21 PM"
"DLLHOST.EXE-47BE07DC.pf","8239","31-10-2025 11:36:31 AM"
"DLLHOST.EXE-4DC815D6.pf","7552","31-10-2025 11:55:49 AM"
"DLLHOST.EXE-5896B925.pf","13003","30-10-2025 01:36:23 PM"
"DLLHOST.EXE-6F625E57.pf","5588","31-10-2025 06:34:42 PM"
"DLLHOST.EXE-742E0212.pf","14107","27-10-2025 01:42:32 PM"
"DLLHOST.EXE-7C486CE0.pf","10967","28-10-2025 01:56:21 PM"
"DLLHOST.EXE-7D5CE0CA.pf","4520","31-10-2025 06:49:23 PM"
"DLLHOST.EXE-810B6BBE.pf","9060","31-10-2025 11:39:27 AM"
"DLLHOST.EXE-9ABF7CF2.pf","10010","31-10-2025 11:41:15 AM"
"DLLHOST.EXE-A8FCA009.pf","12139","28-10-2025 11:47:30 AM"
"DLLHOST.EXE-B341EA63.pf","4719","27-10-2025 04:21:26 PM"
"DLLHOST.EXE-BFD7D811.pf","9433","29-10-2025 01:43:49 PM"
"DLLHOST.EXE-D52C49C5.pf","7686","27-10-2025 01:42:36 PM"
"DLLHOST.EXE-D6072D22.pf","11003","27-10-2025 04:26:29 PM"
"DLLHOST.EXE-EA3F7F15.pf","8481","28-10-2025 08:18:55 PM"
"DLLHOST.EXE-ECDCED3C.pf","6074","31-10-2025 06:50:02 PM"
"DLLHOST.EXE-F41B1944.pf","12994","28-10-2025 01:56:21 PM"
"DLLHOST.EXE-F6E270D2.pf","12940","29-10-2025 07:08:06 PM"
"DLLHOST.EXE-F7FC6593.pf","16974","31-10-2025 04:40:15 PM"
"DRVINST.EXE-39D9EAC7.pf","11372","31-10-2025 06:49:52 PM"
"DWM.EXE-314E93C5.pf","31066","30-10-2025 07:15:48 PM"
"ELEVATION_SERVICE.EXE-76357F22.pf","9101","31-10-2025 12:57:26 PM"
"ELEVATION_SERVICE.EXE-9B19264C.pf","5231","25-10-2025 12:21:47 PM"
"EXCEL.EXE-FE860005.pf","122505","31-10-2025 04:53:42 PM"
"EXPAND.EXE-EABC0D55.pf","7573","31-10-2025 11:35:58 AM"
"EXPLORER.EXE-D5E97654.pf","114560","27-10-2025 01:42:28 PM"
"FILECOAUTH.EXE-13579936.pf","27349","31-10-2025 11:50:42 AM"
"FILECOAUTH.EXE-48300771.pf","22300","29-10-2025 11:58:56 AM"
"FILECOAUTH.EXE-E97A4405.pf","22319","28-10-2025 11:55:04 AM"
"FILECOAUTH.EXE-ECFA7D3A.pf","23043","31-10-2025 02:37:34 PM"
"FILESYNCCONFIG.EXE-3395EA3D.pf","10816","31-10-2025 11:50:42 AM"
"FILESYNCCONFIG.EXE-3C4D4294.pf","9072","28-10-2025 11:55:09 AM"
"FILESYNCCONFIG.EXE-BB073AB9.pf","9033","29-10-2025 11:59:00 AM"
"FINDSTR.EXE-1BC2295F.pf","2231","27-10-2025 11:35:43 AM"
"FONTDRVHOST.EXE-8152304A.pf","2255","30-10-2025 07:15:48 PM"
"GAMEBAR.EXE-00628218.pf","65039","19-09-2025 10:57:51 AM"
"GAMEBAR.EXE-3BE694CA.pf","50233","16-10-2025 02:59:07 PM"
"GMSSERVICEREGISTER.EXE-85BAF405.pf","2977","29-10-2025 07:07:28 PM"
"GPRESULT.EXE-0531A02B.pf","21570","31-10-2025 06:50:52 PM"
"HPPDSMQCONNECTOR36.EXE-BA5FBC81.pf","8774","29-10-2025 12:41:50 PM"
"HPSUPD-WIN32EXE.EXE-58D7F742.pf","30199","31-10-2025 11:35:33 AM"
"IDENTITY_HELPER.EXE-6AA839B3.pf","18284","25-10-2025 12:21:57 PM"
"INTEGRATOR.EXE-873C4A60.pf","58221","31-10-2025 03:20:41 PM"
"INTELGRAPHICSSOFTWARE.SERVICE-F13069DF.pf","13890","31-10-2025 11:36:00 AM"
"IPCONFIG.EXE-BFEC2AD0.pf","2811","31-10-2025 06:50:37 PM"
"IPF_HELPER.EXE-92E30719.pf","3152","28-10-2025 01:46:47 PM"
"IRSETUP.EXE-6383528F.pf","59554","09-10-2025 12:17:26 PM"
"LIVELY.EXE-3433920A.pf","66912","29-10-2025 01:43:46 PM"
"LIVELY.PLAYER.WEBVIEW2.EXE-451C274F.pf","48487","30-10-2025 12:29:44 PM"
"LIVELY.UI.WINUI.EXE-58AF1304.pf","83481","14-10-2025 03:19:03 PM"
"LIVELY.WATCHDOG.EXE-45591A1C.pf","10332","30-10-2025 12:29:44 PM"
"LOCKAPP.EXE-1CBA3694.pf","42816","26-02-2025 01:32:58 PM"
"LOCKAPP.EXE-464513A3.pf","48395","31-10-2025 01:00:30 PM"
"LOCKAPP.EXE-727C2D62.pf","41458","29-05-2025 03:56:35 PM"
"LOGONUI.EXE-F639BD7E.pf","51772","31-10-2025 04:59:29 PM"
"MANAGE-BDE.EXE-5D45B44A.pf","5267","31-10-2025 06:50:43 PM"
"MICROSOFTEDGEUPDATE.EXE-7A595326.pf","6262","31-10-2025 06:45:33 PM"
"MOBSYNC.EXE-B307E1CC.pf","8004","27-10-2025 01:42:41 PM"
"MONOTIFICATIONUX.EXE-23180524.pf","14936","31-10-2025 11:50:26 AM"
"MOUSOCOREWORKER.EXE-3EF8346A.pf","36347","31-10-2025 06:15:16 PM"
"MPCMDRUN.EXE-070E6997.pf","13756","31-10-2025 01:01:25 PM"
"MPSIGSTUB.EXE-5D0450B3.pf","280731","31-10-2025 11:46:15 AM"
"MPV.EXE-3BAD5E49.pf","33277","14-10-2025 03:19:15 PM"
"MSCORSVW.EXE-16B291C4.pf","22547","30-10-2025 07:29:58 PM"
"MSCORSVW.EXE-8CE1A322.pf","20222","30-10-2025 07:30:23 PM"
"MSEDGE.EXE-37D25F9A.pf","229864","25-10-2025 12:20:08 PM"
"MSEDGE.EXE-37D25F9B.pf","103761","25-10-2025 12:20:37 PM"
"MSEDGE.EXE-37D25F9C.pf","20443","25-10-2025 12:21:57 PM"
"MSEDGE.EXE-37D25F9E.pf","4114","25-10-2025 12:21:57 PM"
"MSEDGE.EXE-37D25FA3.pf","23054","25-10-2025 07:21:59 PM"
"MSEDGE.EXE-37D25FA4.pf","20080","25-10-2025 12:23:47 PM"
"MSEDGE.EXE-37D25FA5.pf","86855","25-10-2025 12:21:57 PM"
"MSEDGE.EXE-37D25FA7.pf","8346","25-10-2025 12:21:57 PM"
"MSEDGE.EXE-37D25FA8.pf","68426","25-10-2025 12:31:57 PM"
"MSEDGE.EXE-37D25FAA.pf","249740","25-10-2025 12:21:47 PM"
"MSEDGEWEBVIEW2.EXE-005F557F.pf","54795","16-08-2025 02:29:25 PM"
"MSEDGEWEBVIEW2.EXE-005F5580.pf","35440","16-08-2025 02:29:33 PM"
"MSEDGEWEBVIEW2.EXE-005F558A.pf","20096","16-08-2025 02:29:32 PM"
"MSEDGEWEBVIEW2.EXE-01182E4E.pf","51922","29-10-2025 12:59:25 PM"
"MSEDGEWEBVIEW2.EXE-01182E4F.pf","21423","29-10-2025 12:59:25 PM"
"MSEDGEWEBVIEW2.EXE-01182E50.pf","25071","29-10-2025 12:59:25 PM"
"MSEDGEWEBVIEW2.EXE-01182E52.pf","4941","29-10-2025 12:59:25 PM"
"MSEDGEWEBVIEW2.EXE-01182E59.pf","19184","29-10-2025 12:59:25 PM"
"MSEDGEWEBVIEW2.EXE-01182E5B.pf","9916","29-10-2025 12:59:25 PM"
"MSEDGEWEBVIEW2.EXE-0B21CFDE.pf","61734","13-02-2025 12:01:00 PM"
"MSEDGEWEBVIEW2.EXE-22875ACE.pf","49210","24-09-2025 02:27:32 PM"
"MSEDGEWEBVIEW2.EXE-22BDC857.pf","60254","28-02-2025 07:30:31 PM"
"MSEDGEWEBVIEW2.EXE-26A8AFDF.pf","105472","18-10-2025 10:51:00 AM"
"MSEDGEWEBVIEW2.EXE-271163CE.pf","66122","13-09-2025 11:28:17 AM"
"MSEDGEWEBVIEW2.EXE-321900E5.pf","51572","29-10-2025 06:15:15 PM"
"MSEDGEWEBVIEW2.EXE-321900E6.pf","43046","29-10-2025 06:15:48 PM"
"MSEDGEWEBVIEW2.EXE-321900E7.pf","28798","29-10-2025 06:15:25 PM"
"MSEDGEWEBVIEW2.EXE-321900E9.pf","4659","29-10-2025 06:15:25 PM"
"MSEDGEWEBVIEW2.EXE-321900EF.pf","22591","29-10-2025 06:17:15 PM"
"MSEDGEWEBVIEW2.EXE-321900F0.pf","19062","29-10-2025 06:15:25 PM"
"MSEDGEWEBVIEW2.EXE-321900F2.pf","10019","29-10-2025 06:15:25 PM"
"MSEDGEWEBVIEW2.EXE-321900F3.pf","9941","29-10-2025 06:15:45 PM"
"MSEDGEWEBVIEW2.EXE-3B1C9340.pf","73811","26-08-2025 05:20:05 PM"
"MSEDGEWEBVIEW2.EXE-3B1C9350.pf","54068","26-08-2025 08:28:03 PM"
"MSEDGEWEBVIEW2.EXE-3BE001DC.pf","84842","14-10-2025 07:54:42 PM"
"MSEDGEWEBVIEW2.EXE-3BE001DD.pf","35159","14-10-2025 07:54:42 PM"
"MSEDGEWEBVIEW2.EXE-3BE001E7.pf","31936","14-10-2025 07:54:48 PM"
"MSEDGEWEBVIEW2.EXE-3DE7FFE2.pf","83978","25-07-2025 06:59:42 PM"
"MSEDGEWEBVIEW2.EXE-3E8C9C64.pf","68674","24-05-2025 07:40:22 PM"
"MSEDGEWEBVIEW2.EXE-493C77CB.pf","54201","22-03-2025 08:21:08 PM"
"MSEDGEWEBVIEW2.EXE-4DE913E2.pf","63956","06-10-2025 01:38:46 PM"
"MSEDGEWEBVIEW2.EXE-4EE4EC56.pf","63570","01-08-2025 06:45:49 PM"
"MSEDGEWEBVIEW2.EXE-5269F81E.pf","64907","25-04-2025 05:40:50 PM"
"MSEDGEWEBVIEW2.EXE-582975D1.pf","52253","20-09-2025 01:26:44 PM"
"MSEDGEWEBVIEW2.EXE-5B53061E.pf","62030","20-06-2025 03:31:53 PM"
"MSEDGEWEBVIEW2.EXE-6C73B45C.pf","68094","19-03-2025 11:32:12 AM"
"MSEDGEWEBVIEW2.EXE-6CE0D473.pf","69094","17-10-2025 05:33:54 PM"
"MSEDGEWEBVIEW2.EXE-6CE0D474.pf","44432","17-10-2025 05:46:37 PM"
"MSEDGEWEBVIEW2.EXE-6CE0D47E.pf","21689","17-10-2025 05:03:49 PM"
"MSEDGEWEBVIEW2.EXE-6CE8E7A8.pf","59422","29-08-2025 03:36:17 PM"
"MSEDGEWEBVIEW2.EXE-712ECE23.pf","53361","15-02-2025 07:12:25 PM"
"MSEDGEWEBVIEW2.EXE-7D3A64ED.pf","63240","19-09-2025 07:20:29 PM"
"MSEDGEWEBVIEW2.EXE-85C7850C.pf","51783","09-05-2025 07:45:54 PM"
"MSEDGEWEBVIEW2.EXE-8E17C3BD.pf","24099","31-10-2025 11:37:21 AM"
"MSEDGEWEBVIEW2.EXE-8E17C3C1.pf","8981","31-10-2025 11:35:51 AM"
"MSEDGEWEBVIEW2.EXE-A348C1AF.pf","63294","04-02-2025 11:48:28 AM"
"MSEDGEWEBVIEW2.EXE-A508F223.pf","69543","08-07-2025 07:13:07 PM"
"MSEDGEWEBVIEW2.EXE-AE206E0A.pf","56987","25-01-2025 01:39:54 PM"
"MSEDGEWEBVIEW2.EXE-AECC83CA.pf","65427","06-05-2025 11:34:01 AM"
"MSEDGEWEBVIEW2.EXE-B0846FF8.pf","64499","13-08-2025 12:33:43 PM"
"MSEDGEWEBVIEW2.EXE-B6EF3CF2.pf","54348","11-07-2025 07:12:10 PM"
"MSEDGEWEBVIEW2.EXE-B8961723.pf","99441","10-10-2025 11:06:44 AM"
"MSEDGEWEBVIEW2.EXE-B9124A3A.pf","74557","07-06-2025 03:27:38 PM"
"MSEDGEWEBVIEW2.EXE-BAE4BA28.pf","59077","22-02-2025 07:17:10 PM"
"MSEDGEWEBVIEW2.EXE-C04E1276.pf","55314","25-10-2025 10:33:18 AM"
"MSEDGEWEBVIEW2.EXE-CDCD6920.pf","65081","11-10-2025 11:37:50 AM"
"MSEDGEWEBVIEW2.EXE-CDDC83A9.pf","52734","24-10-2025 06:47:57 PM"
"MSEDGEWEBVIEW2.EXE-E2E1DA62.pf","60682","09-04-2025 07:33:03 PM"
"MSEDGEWEBVIEW2.EXE-E3DD5288.pf","51993","19-09-2025 06:11:50 PM"
"MSEDGEWEBVIEW2.EXE-E706E2D5.pf","76448","14-06-2025 07:04:13 PM"
"MSEDGEWEBVIEW2.EXE-E7BEFEC3.pf","63199","17-07-2025 07:03:06 PM"
"MSEDGEWEBVIEW2.EXE-E8639B45.pf","62965","16-05-2025 08:10:47 PM"
"MSEDGEWEBVIEW2.EXE-E8639B50.pf","20109","16-05-2025 08:10:55 PM"
"MSEDGEWEBVIEW2.EXE-EBE0DC51.pf","67436","30-10-2025 12:29:44 PM"
"MSEDGEWEBVIEW2.EXE-EBE0DC55.pf","4774","29-10-2025 11:54:44 AM"
"MSEDGEWEBVIEW2.EXE-EBE0DC5B.pf","24777","30-10-2025 12:31:34 PM"
"MSEDGEWEBVIEW2.EXE-EBE0DC5C.pf","16363","28-10-2025 01:56:32 PM"
"MSEDGEWEBVIEW2.EXE-EBE0DC5F.pf","15094","30-10-2025 01:05:59 PM"
"MSEDGEWEBVIEW2.EXE-F1868836.pf","64988","26-09-2025 07:12:55 PM"
"MSEDGEWEBVIEW2.EXE-F7A031C8.pf","65895","22-08-2025 07:32:07 PM"
"MSEDGEWEBVIEW2.EXE-F96F4D8E.pf","28293","30-10-2025 12:30:50 PM"
"MSEDGEWEBVIEW2.EXE-F96F4D8F.pf","18423","28-10-2025 11:42:04 AM"
"MSEDGEWEBVIEW2.EXE-F96F4D92.pf","10978","30-10-2025 12:29:23 PM"
"MSEDGEWEBVIEW2.EXE-FC40F6FF.pf","55944","18-04-2025 08:37:44 PM"
"MSIEXEC.EXE-8FFB1633.pf","63839","17-10-2025 05:42:09 PM"
"NET.EXE-A0964F30.pf","2334","31-10-2025 06:50:14 PM"
"NET1.EXE-509326A5.pf","2550","31-10-2025 06:50:14 PM"
"NETSH.EXE-8174DA63.pf","10702","29-10-2025 07:06:59 PM"
"NETSH.EXE-A596235F.pf","13152","31-10-2025 01:01:45 PM"
"NETSTAT.EXE-47804A0C.pf","2219","31-10-2025 06:50:37 PM"
"NGEN.EXE-4A8DA13E.pf","13405","30-10-2025 07:29:54 PM"
"NGEN.EXE-734C6620.pf","9118","30-10-2025 07:29:54 PM"
"NGENTASK.EXE-0E6CEC17.pf","21348","30-10-2025 07:30:04 PM"
"NGENTASK.EXE-849BFD75.pf","16962","30-10-2025 07:30:04 PM"
"NOTEPAD.EXE-FC8FF39D.pf","80125","27-10-2025 04:20:27 PM"
"OFFICEC2RCLIENT.EXE-6DB2EFE8.pf","12120","31-10-2025 03:20:13 PM"
"OFFICECLICKTORUN.EXE-5A9E092D.pf","15194","29-10-2025 11:59:58 AM"
"OFFICECLICKTORUN.EXE-763BE514.pf","16862","31-10-2025 01:02:46 PM"
"OFFICECLICKTORUN.EXE-A6BEBFE0.pf","15180","28-10-2025 11:43:02 AM"
"OFFICECLICKTORUN.EXE-B2C70500.pf","18887","30-10-2025 12:48:59 PM"
"OFFICECLICKTORUN.EXE-F5CCE208.pf","68808","31-10-2025 03:20:20 PM"
"ONEDRIVE.EXE-EC5999DF.pf","125730","31-10-2025 11:50:43 AM"
"ONEDRIVE.SYNC.SERVICE.EXE-128639BB.pf","54091","29-10-2025 11:54:32 AM"
"ONEDRIVE.SYNC.SERVICE.EXE-576EC4EF.pf","40834","27-10-2025 11:16:27 AM"
"ONEDRIVE.SYNC.SERVICE.EXE-685FC428.pf","51816","31-10-2025 11:36:31 AM"
"ONEDRIVE.SYNC.SERVICE.EXE-A0D76A4C.pf","36156","31-10-2025 11:50:52 AM"
"ONEDRIVEACTIONHELPER.EXE-0D3E6AFE.pf","16167","28-10-2025 11:55:17 AM"
"ONEDRIVEACTIONHELPER.EXE-34EC4F1C.pf","20133","31-10-2025 11:36:20 AM"
"ONEDRIVEACTIONHELPER.EXE-38548DE0.pf","16230","31-10-2025 11:50:54 AM"
"ONEDRIVEACTIONHELPER.EXE-4E814A0A.pf","17403","29-10-2025 11:54:28 AM"
"ONEDRIVEACTIONHELPER.EXE-846C513F.pf","16232","29-10-2025 11:59:08 AM"
"ONEDRIVEACTIONHELPER.EXE-C0404552.pf","16090","27-10-2025 11:16:20 AM"
"ONEDRIVESETUP.EXE-361C3D5E.pf","39926","28-10-2025 11:54:58 AM"
"ONEDRIVESETUP.EXE-74CC1D3F.pf","41332","31-10-2025 11:50:35 AM"
"ONEDRIVESETUP.EXE-9CB6C3DB.pf","40670","29-10-2025 11:58:50 AM"
"OPENCONSOLE.EXE-79840C9C.pf","8046","31-10-2025 06:50:13 PM"
"OPENCONSOLE.EXE-DDA41F0C.pf","13644","29-10-2025 05:41:34 PM"
"OPENWITH.EXE-8B50D58B.pf","90037","10-09-2025 03:31:42 PM"
"PAD.AUTOMATIONSERVER.EXE-BFE15319.pf","41584","31-10-2025 11:36:41 AM"
"PAD.BRIDGETOUIAUTOMATION2.EXE-5FAFF936.pf","15493","31-10-2025 11:36:41 AM"
"PAD.BROWSERNATIVEMESSAGEHOST.-18FF5356.pf","21435","31-10-2025 12:57:36 PM"
"PAD.CONSOLE.HOST.EXE-ACF56D64.pf","67811","29-10-2025 11:54:34 AM"
"PAD.CONSOLE.HOST.EXE-EE6201B8.pf","59100","28-05-2025 11:01:19 AM"
"PBIDESKTOP.EXE-897C2240.pf","125469","29-10-2025 06:15:16 PM"
"PERFBOOST.EXE-D7CAB4F4.pf","6014","31-10-2025 03:20:13 PM"
"PHONEEXPERIENCEHOST.EXE-61E3BA7B.pf","19395","24-10-2025 11:10:33 AM"
"PHONEEXPERIENCEHOST.EXE-822AC32D.pf","69570","31-10-2025 11:36:34 AM"
"PHONEEXPERIENCEHOST.EXE-CB31E37D.pf","63172","26-08-2025 11:14:13 AM"
"PHONEEXPERIENCEHOST.EXE-FE10C253.pf","57743","31-10-2025 06:34:49 PM"
"PHOTOS.EXE-2C49B5B2.pf","83880","08-05-2025 11:14:38 AM"
"PHOTOS.EXE-3B4E0118.pf","102460","30-10-2025 01:41:40 PM"
"PHOTOS.EXE-6BE7AC16.pf","84502","16-07-2025 06:10:59 PM"
"PHOTOS.EXE-BD7C6BBA.pf","92021","11-09-2025 05:59:17 PM"
"PICKERHOST.EXE-DE4B8E61.pf","57130","31-10-2025 11:37:48 AM"
"PING.EXE-4A8A6853.pf","2336","27-10-2025 11:35:44 AM"
"POWERPNT.EXE-7A8D1F9B.pf","182804","31-10-2025 04:52:02 PM"
"POWERSHELL.EXE-AE8EDC9B.pf","30977","29-10-2025 07:07:03 PM"
"POWERSHELL.EXE-CA1AE517.pf","70595","31-10-2025 06:50:13 PM"
"POWERTOYS.KEYBOARDMANAGERENGI-ED9AEDDB.pf","5541","28-10-2025 01:55:36 PM"
"POWERTOYS.MOUSEWITHOUTBORDERS-860E6CD1.pf","28812","31-10-2025 02:52:13 PM"
"POWERTOYS.SHORTCUTGUIDE.EXE-0239F7ED.pf","7207","31-10-2025 12:28:56 PM"
"PRESENTMONSERVICE.EXE-2F890268.pf","9308","31-10-2025 11:36:01 AM"
"PRINTFILTERPIPELINESVC.EXE-4DF504E6.pf","16670","29-10-2025 12:41:59 PM"
"PRINTQUEUEACTIONCENTER.EXE-AFCF9BEA.pf","69324","27-09-2025 02:50:52 PM"
"PY.EXE-A983E3C4.pf","5146","29-10-2025 05:41:34 PM"
"PYTHON.EXE-AA16C98D.pf","9164","29-10-2025 05:41:34 PM"
"QUALIFICATION_APP.EXE-56F0F2AD.pf","2156","27-10-2025 11:19:59 AM"
"RAZER CENTRAL.EXE-8555B69C.pf","81640","29-10-2025 01:43:26 PM"
"RAZERCENTRALSERVICE.EXE-9C373039.pf","16232","29-10-2025 07:07:23 PM"
"RAZERCOMPONENTSCONTROLLER.EXE-5E25C051.pf","11073","29-10-2025 07:07:28 PM"
"RAZERCORTEX.EXE-40ADE4E8.pf","48108","29-10-2025 07:07:29 PM"
"RAZERCORTEX.INSTALLBIGDATA.EX-216EA6E2.pf","24383","29-10-2025 07:07:19 PM"
"RAZERINSTALLER.EXE-108EAF16.pf","61377","29-10-2025 07:07:15 PM"
"RAZERINSTALLERCLEANER.EXE-7C6B2BDF.pf","8712","29-10-2025 07:07:44 PM"
"RCUNINSTALL.EXE-B4F91F09.pf","15763","29-10-2025 07:07:26 PM"
"REGSVR32.EXE-03D3FB87.pf","6149","30-10-2025 07:20:20 PM"
"REGSVR32.EXE-B31EC963.pf","6159","30-10-2025 07:20:20 PM"
"ROUTE.EXE-121C5018.pf","2739","31-10-2025 06:50:37 PM"
"RTKAUDUSERVICE64.EXE-15B9B415.pf","11847","31-10-2025 11:36:07 AM"
"RUNDLL32.EXE-04136BC0.pf","7456","27-10-2025 11:27:51 AM"
"RUNDLL32.EXE-067CF36D.pf","7570","28-10-2025 06:33:00 PM"
"RUNDLL32.EXE-0710B17E.pf","9689","30-10-2025 01:41:57 PM"
"RUNDLL32.EXE-64324A2A.pf","8981","31-10-2025 11:50:54 AM"
"RUNDLL32.EXE-6F26928C.pf","7759","31-10-2025 06:34:58 PM"
"RUNDLL32.EXE-75313621.pf","10800","31-10-2025 11:37:24 AM"
"RUNDLL32.EXE-AC8CC426.pf","6287","30-10-2025 01:42:09 PM"
"RUNDLL32.EXE-BE8830B6.pf","28831","29-10-2025 12:57:57 PM"
"RUNDLL32.EXE-C0159C27.pf","3921","29-10-2025 07:23:38 PM"
"RUNDLL32.EXE-C4BA0C91.pf","7781","27-10-2025 11:27:59 AM"
"RUNDLL32.EXE-C6CABA87.pf","7560","29-10-2025 12:53:36 PM"
"RUNDLL32.EXE-E2C99879.pf","6682","28-10-2025 02:57:24 PM"
"RUNTIMEBROKER.EXE-02EAD78B.pf","12237","28-10-2025 02:58:26 PM"
"RUNTIMEBROKER.EXE-0466A9D7.pf","7604","29-10-2025 11:54:48 AM"
"RUNTIMEBROKER.EXE-182A015A.pf","57441","30-10-2025 02:28:43 PM"
"RUNTIMEBROKER.EXE-1A51B616.pf","23072","31-10-2025 11:52:59 AM"
"RUNTIMEBROKER.EXE-1FFD853E.pf","12308","31-10-2025 06:35:00 PM"
"RUNTIMEBROKER.EXE-2408A82C.pf","28095","31-10-2025 11:35:30 AM"
"RUNTIMEBROKER.EXE-2C5A250C.pf","5636","31-10-2025 06:15:16 PM"
"RUNTIMEBROKER.EXE-33B787B0.pf","18466","31-10-2025 03:20:45 PM"
"RUNTIMEBROKER.EXE-452735DD.pf","13020","31-10-2025 04:04:42 PM"
"RUNTIMEBROKER.EXE-4551A062.pf","23212","25-10-2025 12:21:18 PM"
"RUNTIMEBROKER.EXE-49088BA2.pf","11130","30-10-2025 01:42:13 PM"
"RUNTIMEBROKER.EXE-5C15F9C6.pf","12896","29-10-2025 12:24:09 PM"
"RUNTIMEBROKER.EXE-72A72F3A.pf","31699","31-10-2025 01:00:30 PM"
"RUNTIMEBROKER.EXE-799B7F46.pf","11615","27-10-2025 02:15:30 PM"
"RUNTIMEBROKER.EXE-8228A9CD.pf","24931","29-10-2025 07:42:08 PM"
"RUNTIMEBROKER.EXE-84C483CC.pf","70953","31-10-2025 06:34:33 PM"
"RUNTIMEBROKER.EXE-8F6031FD.pf","26378","29-10-2025 01:43:01 PM"
"RUNTIMEBROKER.EXE-97FA22CE.pf","16485","31-10-2025 11:35:40 AM"
"RUNTIMEBROKER.EXE-B2BB82C3.pf","28341","31-10-2025 03:25:36 PM"
"RUNTIMEBROKER.EXE-C6B81CFE.pf","7609","30-10-2025 01:42:14 PM"
"RUNTIMEBROKER.EXE-C767D4BE.pf","13411","31-10-2025 06:49:25 PM"
"RUNTIMEBROKER.EXE-C94B5C93.pf","6849","30-10-2025 12:29:44 PM"
"RUNTIMEBROKER.EXE-D7A652E5.pf","19120","23-07-2025 04:33:15 PM"
"RUNTIMEBROKER.EXE-E39101A0.pf","7922","31-10-2025 11:36:41 AM"
"RUNTIMEBROKER.EXE-E5A76DFD.pf","14217","31-10-2025 12:05:12 PM"
"SCHTASKS.EXE-8B6144A9.pf","6401","31-10-2025 06:50:54 PM"
"SDBINST.EXE-49E8B208.pf","4720","31-10-2025 06:35:24 PM"
"SDXHELPER.EXE-832215EB.pf","20245","31-10-2025 11:50:27 AM"
"SEARCHFILTERHOST.EXE-44162447.pf","5267","31-10-2025 06:50:11 PM"
"SEARCHHOST.EXE-659E8C5F.pf","80245","29-10-2025 01:43:01 PM"
"SEARCHINDEXER.EXE-1CF42BC6.pf","40822","31-10-2025 11:35:30 AM"
"SEARCHPROTOCOLHOST.EXE-69C456C3.pf","4183","31-10-2025 06:49:39 PM"
"SECURITYHEALTHHOST.EXE-430D2FE6.pf","12807","31-10-2025 06:49:38 PM"
"SECURITYHEALTHSERVICE.EXE-91B5FB98.pf","15664","31-10-2025 11:35:57 AM"
"SECURITYHEALTHSYSTRAY.EXE-E527A4AE.pf","8625","31-10-2025 11:35:57 AM"
"SETUP.EXE-16A8E459.pf","6786","16-08-2025 08:20:34 PM"
"SETUP.EXE-16A8E45D.pf","4780","16-08-2025 08:20:34 PM"
"SHELLEXPERIENCEHOST.EXE-14A35F43.pf","66398","31-10-2025 11:52:59 AM"
"SHELLEXPERIENCEHOST.EXE-324C052E.pf","47059","28-03-2025 11:36:07 AM"
"SHELLEXPERIENCEHOST.EXE-408EBC4F.pf","56932","30-09-2025 04:14:40 PM"
"SHELLEXPERIENCEHOST.EXE-C345E09C.pf","53731","30-08-2025 11:46:35 AM"
"SHELLEXPERIENCEHOST.EXE-D1F7FC12.pf","58761","23-07-2025 04:33:15 PM"
"SHELLHOST.EXE-C0CC6E3B.pf","25314","29-10-2025 01:53:10 PM"
"SIHCLIENT.EXE-98C47F6C.pf","10181","29-10-2025 11:54:15 AM"
"SIHOST.EXE-115B507F.pf","33349","28-10-2025 01:46:47 PM"
"SMARTSCREEN.EXE-EACC1250.pf","6969","31-10-2025 06:49:48 PM"
"SMSS.EXE-B5B810DB.pf","948","30-10-2025 07:15:45 PM"
"SNIPPINGTOOL.EXE-00C91915.pf","56385","24-03-2025 06:21:44 PM"
"SNIPPINGTOOL.EXE-20B21C9B.pf","53361","12-05-2025 07:46:37 PM"
"SNIPPINGTOOL.EXE-A39647DF.pf","69876","02-09-2025 05:53:41 PM"
"SNIPPINGTOOL.EXE-A938F63F.pf","57570","28-10-2025 07:18:49 PM"
"SNIPPINGTOOL.EXE-D777C6B9.pf","48181","25-06-2025 01:18:35 PM"
"SNIPPINGTOOL.EXE-E52CEBB3.pf","57180","04-03-2025 07:02:50 PM"
"SNIPPINGTOOL.EXE-FC29309D.pf","63769","28-07-2025 10:52:58 AM"
"SPLWOW64.EXE-57576C25.pf","18850","31-10-2025 04:54:54 PM"
"SPPSVC.EXE-96070FE0.pf","15360","31-10-2025 06:49:43 PM"
"STARTMENUEXPERIENCEHOST.EXE-3A8E567A.pf","81007","27-09-2025 11:17:26 AM"
"STARTMENUEXPERIENCEHOST.EXE-49335D03.pf","92219","31-10-2025 11:35:21 AM"
"STARTMENUEXPERIENCEHOST.EXE-A9947B0C.pf","68021","29-05-2025 09:51:23 AM"
"STOREDESKTOPEXTENSION.EXE-1DF05342.pf","24596","31-10-2025 05:30:42 PM"
"SVCHOST.EXE-09F4AEA4.pf","11525","31-10-2025 06:50:56 PM"
"SVCHOST.EXE-117C4441.pf","22908","31-10-2025 03:21:11 PM"
"SVCHOST.EXE-1454AA18.pf","2521","31-10-2025 06:50:01 PM"
"SVCHOST.EXE-18C5C6E4.pf","9573","28-10-2025 07:18:43 PM"
"SVCHOST.EXE-19B557B1.pf","24122","31-10-2025 06:49:26 PM"
"SVCHOST.EXE-1B73F444.pf","4032","30-10-2025 06:20:57 PM"
"SVCHOST.EXE-2A35E6EF.pf","7615","31-10-2025 03:20:43 PM"
"SVCHOST.EXE-2F9E5F3D.pf","13254","31-10-2025 03:20:39 PM"
"SVCHOST.EXE-39447866.pf","3523","28-10-2025 01:46:47 PM"
"SVCHOST.EXE-3CF81F86.pf","4955","31-10-2025 06:50:32 PM"
"SVCHOST.EXE-3D60499C.pf","7137","31-10-2025 12:00:28 PM"
"SVCHOST.EXE-3FD4846C.pf","7333","31-10-2025 11:35:58 AM"
"SVCHOST.EXE-41084AF7.pf","9219","30-10-2025 07:20:30 PM"
"SVCHOST.EXE-44191FB8.pf","3629","29-10-2025 01:43:07 PM"
"SVCHOST.EXE-4B98D760.pf","5425","29-10-2025 07:23:46 PM"
"SVCHOST.EXE-4BD0A607.pf","9889","30-10-2025 12:30:55 PM"
"SVCHOST.EXE-4D0E9C8C.pf","5970","31-10-2025 11:36:12 AM"
"SVCHOST.EXE-529F9AC1.pf","6870","30-10-2025 07:30:04 PM"
"SVCHOST.EXE-55013EA5.pf","5771","31-10-2025 11:35:43 AM"
"SVCHOST.EXE-59780EBF.pf","44410","31-10-2025 06:34:33 PM"
"SVCHOST.EXE-5F87ABED.pf","6507","31-10-2025 06:49:25 PM"
"SVCHOST.EXE-62105D0D.pf","7826","28-10-2025 03:13:24 PM"
"SVCHOST.EXE-6493017E.pf","20757","28-10-2025 01:46:47 PM"
"SVCHOST.EXE-677C0885.pf","4796","27-10-2025 12:25:02 PM"
"SVCHOST.EXE-6867B1E5.pf","7073","30-10-2025 12:48:59 PM"
"SVCHOST.EXE-6A4A44E7.pf","5210","30-10-2025 04:40:50 PM"
"SVCHOST.EXE-73D024B2.pf","5989","31-10-2025 06:49:25 PM"
"SVCHOST.EXE-764FA25C.pf","8746","30-10-2025 12:30:04 PM"
"SVCHOST.EXE-77C41F85.pf","7609","30-10-2025 07:30:04 PM"
"SVCHOST.EXE-7AAD9645.pf","19122","28-10-2025 02:58:26 PM"
"SVCHOST.EXE-84F32335.pf","8432","31-10-2025 06:50:01 PM"
"SVCHOST.EXE-852EC587.pf","7964","31-10-2025 06:49:25 PM"
"SVCHOST.EXE-8A4EB855.pf","8408","31-10-2025 12:01:23 PM"
"SVCHOST.EXE-8E554B3D.pf","9286","29-10-2025 01:43:48 PM"
"SVCHOST.EXE-9A28EB78.pf","18366","31-10-2025 06:15:16 PM"
"SVCHOST.EXE-A21A7EFE.pf","8859","31-10-2025 11:36:31 AM"
"SVCHOST.EXE-A55FF775.pf","6029","30-10-2025 06:20:53 PM"
"SVCHOST.EXE-B18C213B.pf","5929","29-10-2025 12:02:24 PM"
"SVCHOST.EXE-BC826E0F.pf","8651","30-10-2025 12:30:55 PM"
"SVCHOST.EXE-BD1A4B01.pf","7335","31-10-2025 11:36:44 AM"
"SVCHOST.EXE-BE3D0421.pf","4804","31-10-2025 12:45:33 PM"
"SVCHOST.EXE-C25BD44A.pf","13900","30-10-2025 07:20:29 PM"
"SVCHOST.EXE-C2DA4F6F.pf","13797","31-10-2025 11:39:08 AM"
"SVCHOST.EXE-C4B64CAF.pf","18959","28-10-2025 01:46:47 PM"
"SVCHOST.EXE-C625B657.pf","13321","31-10-2025 05:58:37 PM"
"SVCHOST.EXE-C88A2A3B.pf","10215","29-10-2025 01:43:07 PM"
"SVCHOST.EXE-D5481872.pf","18546","31-10-2025 11:35:30 AM"
"SVCHOST.EXE-D8C907E1.pf","4999","31-10-2025 06:34:44 PM"
"SVCHOST.EXE-DDF1360E.pf","7665","30-10-2025 07:20:30 PM"
"SVCHOST.EXE-DF14C859.pf","6434","31-10-2025 11:42:03 AM"
"SVCHOST.EXE-E5CD0034.pf","10634","31-10-2025 11:42:04 AM"
"SVCHOST.EXE-E8870FF5.pf","6429","31-10-2025 06:49:38 PM"
"SVCHOST.EXE-EA9BB143.pf","5554","31-10-2025 06:49:25 PM"
"SVCHOST.EXE-EBBF67E6.pf","8335","31-10-2025 11:36:44 AM"
"SVCHOST.EXE-F952D9A9.pf","19494","31-10-2025 06:49:38 PM"
"SVCHOST.EXE-FA38241C.pf","12077","31-10-2025 01:35:27 PM"
"SVCHOST.EXE-FB759C0F.pf","5062","31-10-2025 06:50:01 PM"
"SVCHOST.EXE-FC46CD61.pf","7214","28-10-2025 01:56:16 PM"
"SYSTEMINFO.EXE-3EAAF1C2.pf","6396","31-10-2025 06:50:37 PM"
"SYSTEMSETTINGS.EXE-AD6D6913.pf","130003","24-08-2025 10:24:27 AM"
"TASKHOSTW.EXE-2E5D4B75.pf","26203","31-10-2025 05:59:13 PM"
"TEXTINPUTHOST.EXE-18110E24.pf","65746","26-09-2025 11:22:20 AM"
"TEXTINPUTHOST.EXE-5C1A38D1.pf","76860","28-10-2025 01:46:59 PM"
"TIWORKER.EXE-11B714F9.pf","38305","30-10-2025 12:58:36 PM"
"TIWORKER.EXE-47ED109B.pf","36527","31-10-2025 04:57:42 PM"
"TRUSTEDINSTALLER.EXE-766EFF52.pf","5291","31-10-2025 04:57:42 PM"
"UIEORCHESTRATOR.EXE-C9987E34.pf","7768","30-10-2025 02:42:01 PM"
"UNINS000.EXE-1331888C.pf","10317","29-10-2025 07:07:26 PM"
"UNINS000.EXE-66D35C15.pf","11086","29-10-2025 07:07:28 PM"
"UNINSTALL.EXE-57325996.pf","14509","29-10-2025 07:06:58 PM"
"UNINSTALL.EXE-76EC0002.pf","17030","29-10-2025 07:07:05 PM"
"UNINSTALL.EXE-E06300B5.pf","13758","29-10-2025 07:06:55 PM"
"UNINSTALLPOWERPLANS.EXE-6E859FAC.pf","3225","29-10-2025 07:07:17 PM"
"UNSECAPP.EXE-72B9DDB3.pf","4093","31-10-2025 11:35:34 AM"
"UPDATER.EXE-9398A5A1.pf","9847","27-10-2025 11:35:43 AM"
"UPDATER.EXE-9ACC6CC5.pf","10641","31-10-2025 06:39:13 PM"
"USERINIT.EXE-5114915C.pf","3456","28-10-2025 01:46:48 PM"
"USEROOBEBROKER.EXE-65584ADF.pf","7204","31-10-2025 11:35:30 AM"
"VSSVC.EXE-6C8F0C66.pf","5770","29-10-2025 07:23:46 PM"
"WAVESSVC64.EXE-D184F451.pf","25141","31-10-2025 11:36:08 AM"
"WERFAULT.EXE-155C56CF.pf","31939","31-10-2025 03:21:01 PM"
"WERFAULT.EXE-8EE1E6D7.pf","21897","29-10-2025 12:00:28 PM"
"WERMGR.EXE-F439C551.pf","157658","30-10-2025 02:29:26 PM"
"WEVTUTIL.EXE-1E154F39.pf","8185","31-10-2025 03:21:03 PM"
"WHATSAPP.EXE-A8A823E9.pf","85467","31-10-2025 12:04:51 PM"
"WHATSAPP.EXE-EF577EFB.pf","83484","02-06-2025 06:56:13 PM"
"WIDGETS.EXE-AEFD3C42.pf","32626","30-10-2025 03:22:34 PM"
"WIDGETSERVICE.EXE-4FAFA32D.pf","15058","28-10-2025 02:58:36 PM"
"WIFITASK.EXE-4F6EC067.pf","7135","28-10-2025 01:49:14 PM"
"WINDOWSTERMINAL.EXE-0D837036.pf","40792","29-10-2025 05:41:34 PM"
"WINDOWSTERMINAL.EXE-AD4B9CC6.pf","36174","31-10-2025 06:50:14 PM"
"WINDOWSTERMINAL.EXE-E7CB116A.pf","42218","04-08-2025 10:57:35 AM"
"WINLOGON.EXE-DEDDC9B6.pf","6472","30-10-2025 07:15:48 PM"
"WINWORD.EXE-AB6EC2FA.pf","168470","28-10-2025 06:32:48 PM"
"WMIADAP.EXE-BB21CD77.pf","6962","31-10-2025 11:38:42 AM"
"WMIPRVSE.EXE-E8B8DD29.pf","9061","31-10-2025 06:34:43 PM"
"WUAUCLTCORE.EXE-84257BB2.pf","45736","31-10-2025 11:46:23 AM"
"WUDFHOST.EXE-DEBBE5F1.pf","5696","31-10-2025 06:50:02 PM"
"XPDAGENT.EXE-20A6687E.pf","36795","04-04-2025 07:54:49 PM"
"ZOOM.EXE-6FE7A12A.pf","74576","24-09-2025 06:11:54 PM"
"ZWEBVIEW2AGENT.EXE-7F679105.pf","63915","24-09-2025 05:57:10 PM"
"_UNINS.TMP-89106C2D.pf","11547","29-10-2025 07:07:27 PM"
"_UNINS.TMP-B40BC55A.pf","10139","29-10-2025 07:07:29 PM"
