"Name","LastWriteTime","FullName"
"!DOCTYPE.html.lnk","27-10-2025 04:20:18 PM","C:\Users\Dell\AppData\Roaming\Microsoft\Windows\Recent\!DOCTYPE.html.lnk"
"#viratkohli.jpeg.lnk","30-06-2025 04:46:54 PM","C:\Users\Dell\AppData\Roaming\Microsoft\Windows\Recent\#viratkohli.jpeg.lnk"
"04f95ed707c5e032df10fb96c98ad8a7.jpg.lnk","30-06-2025 04:47:00 PM","C:\Users\Dell\AppData\Roaming\Microsoft\Windows\Recent\04f95ed707c5e032df10fb96c98ad8a7.jpg.lnk"
"0b81eac7340170813b8de16088d32e83.jpg.lnk","30-06-2025 04:46:57 PM","C:\Users\Dell\AppData\Roaming\Microsoft\Windows\Recent\0b81eac7340170813b8de16088d32e83.jpg.lnk"
"142813-2560x1350-desktop-hd-dragon-ball-z-wallpaper-image.jpg.lnk","30-06-2025 04:46:47 PM","C:\Users\Dell\AppData\Roaming\Microsoft\Windows\Recent\142813-2560x1350-desktop-hd-dragon-ball-z-wallpaper-image.jpg.lnk"
"15 days verification.xlsx.lnk","18-09-2025 03:48:06 PM","C:\Users\Dell\AppData\Roaming\Microsoft\Windows\Recent\15 days verification.xlsx.lnk"
"2.png.lnk","19-09-2025 03:29:51 PM","C:\Users\Dell\AppData\Roaming\Microsoft\Windows\Recent\2.png.lnk"
"3.png.lnk","19-09-2025 03:30:08 PM","C:\Users\Dell\AppData\Roaming\Microsoft\Windows\Recent\3.png.lnk"
"325.pdf.lnk","27-10-2025 04:13:11 PM","C:\Users\Dell\AppData\Roaming\Microsoft\Windows\Recent\325.pdf.lnk"
"4.png.lnk","19-09-2025 03:30:16 PM","C:\Users\Dell\AppData\Roaming\Microsoft\Windows\Recent\4.png.lnk"
"5.png.lnk","19-09-2025 03:29:56 PM","C:\Users\Dell\AppData\Roaming\Microsoft\Windows\Recent\5.png.lnk"
"AAA.csv.lnk","31-10-2025 02:37:54 PM","C:\Users\Dell\AppData\Roaming\Microsoft\Windows\Recent\AAA.csv.lnk"
"ACCOUNTS TILL 24.xlsx.lnk","31-10-2025 04:53:41 PM","C:\Users\Dell\AppData\Roaming\Microsoft\Windows\Recent\ACCOUNTS TILL 24.xlsx.lnk"
"Active Employee- September 25.xls.lnk","13-09-2025 03:38:16 PM","C:\Users\Dell\AppData\Roaming\Microsoft\Windows\Recent\Active Employee- September 25.xls.lnk"
"ADHAR CARD.jpg.lnk","24-10-2025 05:48:14 PM","C:\Users\Dell\AppData\Roaming\Microsoft\Windows\Recent\ADHAR CARD.jpg.lnk"
"Application data (2).lnk","24-01-2025 07:45:48 PM","C:\Users\Dell\AppData\Roaming\Microsoft\Windows\Recent\Application data (2).lnk"
"APPLICATION_DAILY_SUMMARY_REPORT - 03-10-2025.pdf.lnk","03-10-2025 07:36:59 PM","C:\Users\Dell\AppData\Roaming\Microsoft\Windows\Recent\APPLICATION_DAILY_SUMMARY_REPORT - 03-10-2025.pdf.lnk"
"APPLICATION_DAILY_SUMMARY_REPORT - 30-10-2025.pdf.lnk","30-10-2025 07:12:55 PM","C:\Users\Dell\AppData\Roaming\Microsoft\Windows\Recent\APPLICATION_DAILY_SUMMARY_REPORT - 30-10-2025.pdf.lnk"
"audio.mp3.lnk","25-06-2025 01:22:58 PM","C:\Users\Dell\AppData\Roaming\Microsoft\Windows\Recent\audio.mp3.lnk"
"Australia_Daily_Report 03-10-2025- Google Docs.pdf.lnk","03-10-2025 07:39:32 PM","C:\Users\Dell\AppData\Roaming\Microsoft\Windows\Recent\Australia_Daily_Report 03-10-2025- Google Docs.pdf.lnk"
"Banner.png.lnk","16-07-2025 06:10:54 PM","C:\Users\Dell\AppData\Roaming\Microsoft\Windows\Recent\Banner.png.lnk"
"Banner.pptx.lnk","22-07-2025 12:17:00 PM","C:\Users\Dell\AppData\Roaming\Microsoft\Windows\Recent\Banner.pptx.lnk"
"BBB.csv.lnk","31-10-2025 02:38:16 PM","C:\Users\Dell\AppData\Roaming\Microsoft\Windows\Recent\BBB.csv.lnk"
"bharat aug-25 (1).pdf.lnk","14-10-2025 02:14:38 PM","C:\Users\Dell\AppData\Roaming\Microsoft\Windows\Recent\bharat aug-25 (1).pdf.lnk"
"bharat july-25 (1).pdf.lnk","14-10-2025 02:15:04 PM","C:\Users\Dell\AppData\Roaming\Microsoft\Windows\Recent\bharat july-25 (1).pdf.lnk"
"bharat july-25 (2).pdf.lnk","15-10-2025 08:20:37 PM","C:\Users\Dell\AppData\Roaming\Microsoft\Windows\Recent\bharat july-25 (2).pdf.lnk"
"bharat june-25.pdf.lnk","07-10-2025 05:43:26 PM","C:\Users\Dell\AppData\Roaming\Microsoft\Windows\Recent\bharat june-25.pdf.lnk"
"Bharat Kanakgiri (2).lnk","31-10-2025 04:53:22 PM","C:\Users\Dell\AppData\Roaming\Microsoft\Windows\Recent\Bharat Kanakgiri (2).lnk"
"Bharat Kanakgiri.lnk","12-01-2025 11:46:41 AM","C:\Users\Dell\AppData\Roaming\Microsoft\Windows\Recent\Bharat Kanakgiri.lnk"
"bharat-kanakgiri-2025-03-11T14_47_17.042Z-export.lnk","11-03-2025 08:17:44 PM","C:\Users\Dell\AppData\Roaming\Microsoft\Windows\Recent\bharat-kanakgiri-2025-03-11T14_47_17.042Z-export.lnk"
"bharat-kanakgiri-2025-03-15T13_57_14.359Z-export.lnk","15-03-2025 07:27:47 PM","C:\Users\Dell\AppData\Roaming\Microsoft\Windows\Recent\bharat-kanakgiri-2025-03-15T13_57_14.359Z-export.lnk"
"bharat-kanakgiri-2025-03-21T14_43_04.736Z-export.lnk","21-03-2025 08:13:47 PM","C:\Users\Dell\AppData\Roaming\Microsoft\Windows\Recent\bharat-kanakgiri-2025-03-21T14_43_04.736Z-export.lnk"
"bharat-kanakgiri-2025-04-08T14_53_07.704Z-export.csv.lnk","08-04-2025 08:23:19 PM","C:\Users\Dell\AppData\Roaming\Microsoft\Windows\Recent\bharat-kanakgiri-2025-04-08T14_53_07.704Z-export.csv.lnk"
"bharat-kanakgiri-2025-05-09T14_22_47.611Z-export.csv.lnk","09-05-2025 07:52:56 PM","C:\Users\Dell\AppData\Roaming\Microsoft\Windows\Recent\bharat-kanakgiri-2025-05-09T14_22_47.611Z-export.csv.lnk"
"bharat-kanakgiri-2025-05-12T14_25_31.158Z-export.csv.lnk","12-05-2025 07:55:52 PM","C:\Users\Dell\AppData\Roaming\Microsoft\Windows\Recent\bharat-kanakgiri-2025-05-12T14_25_31.158Z-export.csv.lnk"
"bharat-kanakgiri-2025-05-13T14_10_26.989Z-export.csv.lnk","13-05-2025 07:40:42 PM","C:\Users\Dell\AppData\Roaming\Microsoft\Windows\Recent\bharat-kanakgiri-2025-05-13T14_10_26.989Z-export.csv.lnk"
"bharat-kanakgiri-2025-07-25T14_22_35.876Z-export.csv.lnk","25-07-2025 07:52:52 PM","C:\Users\Dell\AppData\Roaming\Microsoft\Windows\Recent\bharat-kanakgiri-2025-07-25T14_22_35.876Z-export.csv.lnk"
"bharat-kanakgiri-2025-08-16T14_50_11.757Z-export.csv.lnk","16-08-2025 08:20:31 PM","C:\Users\Dell\AppData\Roaming\Microsoft\Windows\Recent\bharat-kanakgiri-2025-08-16T14_50_11.757Z-export.csv.lnk"
"bharat-kanakgiri-2025-08-25T14_41_49.730Z-export.csv.lnk","25-08-2025 08:12:04 PM","C:\Users\Dell\AppData\Roaming\Microsoft\Windows\Recent\bharat-kanakgiri-2025-08-25T14_41_49.730Z-export.csv.lnk"
"bharat-kanakgiri-2025-09-03T14_42_01.316Z-export.csv.lnk","03-09-2025 08:12:10 PM","C:\Users\Dell\AppData\Roaming\Microsoft\Windows\Recent\bharat-kanakgiri-2025-09-03T14_42_01.316Z-export.csv.lnk"
"bharat-kanakgiri-2025-09-13T14_15_19.746Z-export.csv.lnk","13-09-2025 07:47:42 PM","C:\Users\Dell\AppData\Roaming\Microsoft\Windows\Recent\bharat-kanakgiri-2025-09-13T14_15_19.746Z-export.csv.lnk"
"bharat-kanakgiri-2025-09-27T14_41_43.932Z-export.csv.lnk","27-09-2025 08:12:11 PM","C:\Users\Dell\AppData\Roaming\Microsoft\Windows\Recent\bharat-kanakgiri-2025-09-27T14_41_43.932Z-export.csv.lnk"
"bharat-kanakgiri-2025-09-29T14_23_11.528Z-export.csv.lnk","29-09-2025 07:53:42 PM","C:\Users\Dell\AppData\Roaming\Microsoft\Windows\Recent\bharat-kanakgiri-2025-09-29T14_23_11.528Z-export.csv.lnk"
"bharat-kanakgiri-2025-09-30T14_28_24.252Z-export.csv.lnk","01-10-2025 02:41:45 PM","C:\Users\Dell\AppData\Roaming\Microsoft\Windows\Recent\bharat-kanakgiri-2025-09-30T14_28_24.252Z-export.csv.lnk"
"bharat-kanakgiri-2025-10-03T14_23_59.827Z-export.csv.lnk","03-10-2025 07:54:21 PM","C:\Users\Dell\AppData\Roaming\Microsoft\Windows\Recent\bharat-kanakgiri-2025-10-03T14_23_59.827Z-export.csv.lnk"
"bharat-kanakgiri-2025-10-07T10_08_49.787Z-export.csv.lnk","07-10-2025 07:16:05 PM","C:\Users\Dell\AppData\Roaming\Microsoft\Windows\Recent\bharat-kanakgiri-2025-10-07T10_08_49.787Z-export.csv.lnk"
"bharat-kanakgiri-2025-10-07T10_13_42.831Z-export.csv.lnk","07-10-2025 03:43:49 PM","C:\Users\Dell\AppData\Roaming\Microsoft\Windows\Recent\bharat-kanakgiri-2025-10-07T10_13_42.831Z-export.csv.lnk"
"bharat-kanakgiri-2025-10-07T13_47_00.209Z-export.csv.lnk","07-10-2025 07:17:05 PM","C:\Users\Dell\AppData\Roaming\Microsoft\Windows\Recent\bharat-kanakgiri-2025-10-07T13_47_00.209Z-export.csv.lnk"
"bharat-kanakgiri-2025-10-09T14_10_32.342Z-export.csv.lnk","09-10-2025 07:44:19 PM","C:\Users\Dell\AppData\Roaming\Microsoft\Windows\Recent\bharat-kanakgiri-2025-10-09T14_10_32.342Z-export.csv.lnk"
"bharat-kanakgiri-2025-10-11T06_12_10.932Z-export.csv.lnk","13-10-2025 11:42:35 AM","C:\Users\Dell\AppData\Roaming\Microsoft\Windows\Recent\bharat-kanakgiri-2025-10-11T06_12_10.932Z-export.csv.lnk"
"bharat-kanakgiri-2025-10-14T14_28_44.604Z-export.csv.lnk","14-10-2025 07:59:25 PM","C:\Users\Dell\AppData\Roaming\Microsoft\Windows\Recent\bharat-kanakgiri-2025-10-14T14_28_44.604Z-export.csv.lnk"
"bharat-kanakgiri-2025-10-15T14_46_29.567Z-export.csv.lnk","15-10-2025 08:24:18 PM","C:\Users\Dell\AppData\Roaming\Microsoft\Windows\Recent\bharat-kanakgiri-2025-10-15T14_46_29.567Z-export.csv.lnk"
"bharat-kanakgiri-2025-10-16T14_24_20.297Z-export.csv.lnk","16-10-2025 07:54:55 PM","C:\Users\Dell\AppData\Roaming\Microsoft\Windows\Recent\bharat-kanakgiri-2025-10-16T14_24_20.297Z-export.csv.lnk"
"bharat-kanakgiri-2025-10-17T13_50_05.054Z-export.csv.lnk","17-10-2025 07:29:56 PM","C:\Users\Dell\AppData\Roaming\Microsoft\Windows\Recent\bharat-kanakgiri-2025-10-17T13_50_05.054Z-export.csv.lnk"
"bharat-kanakgiri-2025-10-24T14_16_58.134Z-export.csv.lnk","24-10-2025 07:50:54 PM","C:\Users\Dell\AppData\Roaming\Microsoft\Windows\Recent\bharat-kanakgiri-2025-10-24T14_16_58.134Z-export.csv.lnk"
"bharat-kanakgiri-2025-10-28T15_14_01.408Z-export.csv.lnk","28-10-2025 08:44:32 PM","C:\Users\Dell\AppData\Roaming\Microsoft\Windows\Recent\bharat-kanakgiri-2025-10-28T15_14_01.408Z-export.csv.lnk"
"bharat-kanakgiri-2025-10-29T14_09_20.192Z-export.csv.lnk","29-10-2025 07:39:33 PM","C:\Users\Dell\AppData\Roaming\Microsoft\Windows\Recent\bharat-kanakgiri-2025-10-29T14_09_20.192Z-export.csv.lnk"
"bharat-kanakgiri-2025-10-30T06_07_14.777Z-export.csv.lnk","31-10-2025 11:37:48 AM","C:\Users\Dell\AppData\Roaming\Microsoft\Windows\Recent\bharat-kanakgiri-2025-10-30T06_07_14.777Z-export.csv.lnk"
"Bharat.HEIC.lnk","28-07-2025 10:48:50 AM","C:\Users\Dell\AppData\Roaming\Microsoft\Windows\Recent\Bharat.HEIC.lnk"
"bharat.lnk","25-10-2025 04:49:53 PM","C:\Users\Dell\AppData\Roaming\Microsoft\Windows\Recent\bharat.lnk"
"Bharat_Kanakgiri.docx (2).lnk","25-10-2025 04:49:53 PM","C:\Users\Dell\AppData\Roaming\Microsoft\Windows\Recent\Bharat_Kanakgiri.docx (2).lnk"
"Bharat_Kanakgiri_ATS_Resume_Final.lnk","16-12-2024 06:51:40 PM","C:\Users\Dell\AppData\Roaming\Microsoft\Windows\Recent\Bharat_Kanakgiri_ATS_Resume_Final.lnk"
"Bharat_Kanakgiri_Resume.docx.lnk","07-07-2025 02:43:57 PM","C:\Users\Dell\AppData\Roaming\Microsoft\Windows\Recent\Bharat_Kanakgiri_Resume.docx.lnk"
"Book1 (2).lnk","24-01-2025 07:45:48 PM","C:\Users\Dell\AppData\Roaming\Microsoft\Windows\Recent\Book1 (2).lnk"
"Branch Wise (2).lnk","27-01-2025 05:05:09 PM","C:\Users\Dell\AppData\Roaming\Microsoft\Windows\Recent\Branch Wise (2).lnk"
"caa.html (2).lnk","11-10-2025 01:12:40 PM","C:\Users\Dell\AppData\Roaming\Microsoft\Windows\Recent\caa.html (2).lnk"
"caa.html.lnk","22-07-2025 12:02:50 PM","C:\Users\Dell\AppData\Roaming\Microsoft\Windows\Recent\caa.html.lnk"
"CANADA _DAILY SERVICE REPORT -03-10-2025.pdf.lnk","03-10-2025 07:49:41 PM","C:\Users\Dell\AppData\Roaming\Microsoft\Windows\Recent\CANADA _DAILY SERVICE REPORT -03-10-2025.pdf.lnk"
"canada.pptx.lnk","31-10-2025 04:52:44 PM","C:\Users\Dell\AppData\Roaming\Microsoft\Windows\Recent\canada.pptx.lnk"
"CODE FOR FILE MOVEMENT.txt.lnk","24-07-2025 08:23:03 PM","C:\Users\Dell\AppData\Roaming\Microsoft\Windows\Recent\CODE FOR FILE MOVEMENT.txt.lnk"
"com.clipchamp.app-activations-mediaplayeruwp-opencorrelation-id=6rTd7FheNEuf%2FwEaa7Db1Q.0&file=C%3A%5CUsers%5CDell%5COneDrive%5CVideos%5CVLOOK%20UP%20TRIAL4%20.mp4.lnk","25-06-2025 03:20:40 PM","C:\Users\Dell\AppData\Roaming\Microsoft\Windows\Recent\com.clipchamp.app-activations-mediaplayeruwp-opencorrelation-id=6rTd7FheNEuf%2FwEaa7Db1Q.0&file=C%3A%5CUsers%5CDell%5COneDrive%5CVideos%5CVLOOK%20UP%20TRIAL4%20.mp4.lnk"
"Copy of All Country Sheet B2B(1).xlsx.lnk","17-10-2025 04:27:28 PM","C:\Users\Dell\AppData\Roaming\Microsoft\Windows\Recent\Copy of All Country Sheet B2B(1).xlsx.lnk"
"Copy of Copy of Excel test(2)(1).lnk","24-01-2025 07:45:48 PM","C:\Users\Dell\AppData\Roaming\Microsoft\Windows\Recent\Copy of Copy of Excel test(2)(1).lnk"
"Copy of FnO_Tax_Report_4758195934_2025_2026_1760451046893(1).xlsx.lnk","14-10-2025 07:47:25 PM","C:\Users\Dell\AppData\Roaming\Microsoft\Windows\Recent\Copy of FnO_Tax_Report_4758195934_2025_2026_1760451046893(1).xlsx.lnk"
"Counsellor data_Krunal patel & Akshita Patel (2).lnk","24-01-2025 07:45:48 PM","C:\Users\Dell\AppData\Roaming\Microsoft\Windows\Recent\Counsellor data_Krunal patel & Akshita Patel (2).lnk"
"Daily report_(10 Jan'24).lnk","10-01-2025 06:30:47 PM","C:\Users\Dell\AppData\Roaming\Microsoft\Windows\Recent\Daily report_(10 Jan'24).lnk"
"Darshana Poonia _enrollment records (2).lnk","24-01-2025 07:45:48 PM","C:\Users\Dell\AppData\Roaming\Microsoft\Windows\Recent\Darshana Poonia _enrollment records (2).lnk"
"DATESSS.xlsx.lnk","18-10-2025 11:26:02 AM","C:\Users\Dell\AppData\Roaming\Microsoft\Windows\Recent\DATESSS.xlsx.lnk"
"Dead reports.lnk","24-01-2025 04:17:29 PM","C:\Users\Dell\AppData\Roaming\Microsoft\Windows\Recent\Dead reports.lnk"
"desktop.ini.lnk","22-07-2025 12:05:28 PM","C:\Users\Dell\AppData\Roaming\Microsoft\Windows\Recent\desktop.ini.lnk"
"Desktop.lnk","06-01-2025 06:56:29 PM","C:\Users\Dell\AppData\Roaming\Microsoft\Windows\Recent\Desktop.lnk"
"Devices and Printers.lnk","24-01-2025 06:26:24 PM","C:\Users\Dell\AppData\Roaming\Microsoft\Windows\Recent\Devices and Printers.lnk"
"DISCREPANCY IN ACCOUNT.xlsx.lnk","29-10-2025 05:40:47 PM","C:\Users\Dell\AppData\Roaming\Microsoft\Windows\Recent\DISCREPANCY IN ACCOUNT.xlsx.lnk"
"Documents (2).lnk","27-10-2025 04:19:30 PM","C:\Users\Dell\AppData\Roaming\Microsoft\Windows\Recent\Documents (2).lnk"
"Documents.lnk","12-01-2025 11:34:00 AM","C:\Users\Dell\AppData\Roaming\Microsoft\Windows\Recent\Documents.lnk"
"download.png (2).lnk","11-10-2025 01:12:36 PM","C:\Users\Dell\AppData\Roaming\Microsoft\Windows\Recent\download.png (2).lnk"
"download.png.lnk","23-07-2025 11:53:26 AM","C:\Users\Dell\AppData\Roaming\Microsoft\Windows\Recent\download.png.lnk"
"Downloads (2).lnk","18-11-2024 06:41:04 PM","C:\Users\Dell\AppData\Roaming\Microsoft\Windows\Recent\Downloads (2).lnk"
"Downloads (3).lnk","24-01-2025 06:04:00 PM","C:\Users\Dell\AppData\Roaming\Microsoft\Windows\Recent\Downloads (3).lnk"
"Downloads (4).lnk","26-07-2025 11:23:45 AM","C:\Users\Dell\AppData\Roaming\Microsoft\Windows\Recent\Downloads (4).lnk"
"Downloads (5).lnk","04-08-2025 08:36:14 PM","C:\Users\Dell\AppData\Roaming\Microsoft\Windows\Recent\Downloads (5).lnk"
"Downloads (6).lnk","31-10-2025 11:37:48 AM","C:\Users\Dell\AppData\Roaming\Microsoft\Windows\Recent\Downloads (6).lnk"
"Downloads.lnk","25-10-2024 06:05:31 PM","C:\Users\Dell\AppData\Roaming\Microsoft\Windows\Recent\Downloads.lnk"
"DUBAI DAILY SERVICE REPORT - 03-10-2025.pdf.lnk","03-10-2025 07:50:24 PM","C:\Users\Dell\AppData\Roaming\Microsoft\Windows\Recent\DUBAI DAILY SERVICE REPORT - 03-10-2025.pdf.lnk"
"EAadhaar_0656131060094820210713140229_0810202511173.pdf.lnk","14-10-2025 11:19:28 AM","C:\Users\Dell\AppData\Roaming\Microsoft\Windows\Recent\EAadhaar_0656131060094820210713140229_0810202511173.pdf.lnk"
"Enrollment data month of oct2025.pbix.lnk","29-10-2025 06:15:05 PM","C:\Users\Dell\AppData\Roaming\Microsoft\Windows\Recent\Enrollment data month of oct2025.pbix.lnk"
"ENROLLMENTS OF HEAD-OFFICE 2025.xlsx.lnk","17-10-2025 05:49:50 PM","C:\Users\Dell\AppData\Roaming\Microsoft\Windows\Recent\ENROLLMENTS OF HEAD-OFFICE 2025.xlsx.lnk"
"enrolment sheet dashboard.pbix.lnk","18-09-2025 04:05:51 PM","C:\Users\Dell\AppData\Roaming\Microsoft\Windows\Recent\enrolment sheet dashboard.pbix.lnk"
"Event_Report_Form.pdf.lnk","11-10-2025 01:11:08 PM","C:\Users\Dell\AppData\Roaming\Microsoft\Windows\Recent\Event_Report_Form.pdf.lnk"
"EX income.jpg.lnk","07-07-2025 01:49:02 PM","C:\Users\Dell\AppData\Roaming\Microsoft\Windows\Recent\EX income.jpg.lnk"
"Excel test.lnk","19-07-2025 01:27:11 PM","C:\Users\Dell\AppData\Roaming\Microsoft\Windows\Recent\Excel test.lnk"
"Excel.lnk","18-07-2025 01:33:09 PM","C:\Users\Dell\AppData\Roaming\Microsoft\Windows\Recent\Excel.lnk"
"First program.lnk","01-01-2025 03:54:31 PM","C:\Users\Dell\AppData\Roaming\Microsoft\Windows\Recent\First program.lnk"
"FnO_Tax_Report_4758195934_2025_2026_1760451046893(1).xlsx.lnk","14-10-2025 07:55:25 PM","C:\Users\Dell\AppData\Roaming\Microsoft\Windows\Recent\FnO_Tax_Report_4758195934_2025_2026_1760451046893(1).xlsx.lnk"
"FRENCH ENROLLMENTS.xlsx.lnk","29-10-2025 01:40:17 PM","C:\Users\Dell\AppData\Roaming\Microsoft\Windows\Recent\FRENCH ENROLLMENTS.xlsx.lnk"
"GErmany.jpg.lnk","19-09-2025 03:33:18 PM","C:\Users\Dell\AppData\Roaming\Microsoft\Windows\Recent\GErmany.jpg.lnk"
"Germany_Daily_Report - 03-10-2025.pdf.lnk","03-10-2025 07:37:15 PM","C:\Users\Dell\AppData\Roaming\Microsoft\Windows\Recent\Germany_Daily_Report - 03-10-2025.pdf.lnk"
"Germany_Daily_Report - 30-10-2025.pdf.lnk","30-10-2025 07:14:28 PM","C:\Users\Dell\AppData\Roaming\Microsoft\Windows\Recent\Germany_Daily_Report - 30-10-2025.pdf.lnk"
"goku-ultra-instinct_2.1920x1080.mp4.lnk","26-09-2025 03:35:35 PM","C:\Users\Dell\AppData\Roaming\Microsoft\Windows\Recent\goku-ultra-instinct_2.1920x1080.mp4.lnk"
"Google Sheets Training - Part 1.pptx.lnk","22-07-2025 12:19:39 PM","C:\Users\Dell\AppData\Roaming\Microsoft\Windows\Recent\Google Sheets Training - Part 1.pptx.lnk"
"Google Sheets Training - Session 2.pptx.lnk","22-07-2025 12:16:51 PM","C:\Users\Dell\AppData\Roaming\Microsoft\Windows\Recent\Google Sheets Training - Session 2.pptx.lnk"
"Got Visa 2024.xlsx.lnk","17-10-2025 04:34:12 PM","C:\Users\Dell\AppData\Roaming\Microsoft\Windows\Recent\Got Visa 2024.xlsx.lnk"
"HimanshuPanwar.vcf.lnk","08-07-2025 12:15:10 PM","C:\Users\Dell\AppData\Roaming\Microsoft\Windows\Recent\HimanshuPanwar.vcf.lnk"
"HOD_Meeting_Schedule_sep_oct.pdf.lnk","03-10-2025 04:57:15 PM","C:\Users\Dell\AppData\Roaming\Microsoft\Windows\Recent\HOD_Meeting_Schedule_sep_oct.pdf.lnk"
"Home (2).lnk","30-10-2025 01:36:04 PM","C:\Users\Dell\AppData\Roaming\Microsoft\Windows\Recent\Home (2).lnk"
"Home.lnk","20-01-2025 05:17:23 PM","C:\Users\Dell\AppData\Roaming\Microsoft\Windows\Recent\Home.lnk"
"How we welcome the student.pptx.lnk","31-10-2025 04:52:28 PM","C:\Users\Dell\AppData\Roaming\Microsoft\Windows\Recent\How we welcome the student.pptx.lnk"
"http--qrstuff.com-.lnk","17-06-2025 12:00:06 PM","C:\Users\Dell\AppData\Roaming\Microsoft\Windows\Recent\http--qrstuff.com-.lnk"
"https--apply.kanan.co-walkin-head-office.lnk","09-10-2025 11:15:47 AM","C:\Users\Dell\AppData\Roaming\Microsoft\Windows\Recent\https--apply.kanan.co-walkin-head-office.lnk"
"https--blinkit.com-blog-recipe-roversrsltid=AfmBOorlPKGxXoU-_5Cmy1sh-maDeGQS4EmhoYl9I-UEwkfr_Jf1QnzJ.lnk","25-10-2025 04:49:52 PM","C:\Users\Dell\AppData\Roaming\Microsoft\Windows\Recent\https--blinkit.com-blog-recipe-roversrsltid=AfmBOorlPKGxXoU-_5Cmy1sh-maDeGQS4EmhoYl9I-UEwkfr_Jf1QnzJ.lnk"
"https--claude.ai-public-artifacts-68038b3f-7baa-4a02-a1d7-f89afe795a6f.lnk","10-10-2025 04:02:27 PM","C:\Users\Dell\AppData\Roaming\Microsoft\Windows\Recent\https--claude.ai-public-artifacts-68038b3f-7baa-4a02-a1d7-f89afe795a6f.lnk"
"https--crm.kanan.co-s-opportunity-006J3000004BSieIAG-ahzam-khan-coachingtabset-896f4=2.lnk","16-09-2025 11:39:26 AM","C:\Users\Dell\AppData\Roaming\Microsoft\Windows\Recent\https--crm.kanan.co-s-opportunity-006J3000004BSieIAG-ahzam-khan-coachingtabset-896f4=2.lnk"
"https--crm.kanan.co-s-opportunity-006J3000004BSieIAG-ahzam-khan-coachingtabset-896f4=86cb4.lnk","15-09-2025 07:53:39 PM","C:\Users\Dell\AppData\Roaming\Microsoft\Windows\Recent\https--crm.kanan.co-s-opportunity-006J3000004BSieIAG-ahzam-khan-coachingtabset-896f4=86cb4.lnk"
"https--docs.google.com-document-d-1EuWjIfX8qSJ5kijSEYJOMjiWGFzquHLQzwLGiIyFK1M-edittab=t.0.lnk","06-01-2025 06:32:15 PM","C:\Users\Dell\AppData\Roaming\Microsoft\Windows\Recent\https--docs.google.com-document-d-1EuWjIfX8qSJ5kijSEYJOMjiWGFzquHLQzwLGiIyFK1M-edittab=t.0.lnk"
"https--docs.google.com-document-d-1j6hVCvWlYT7qzPFjlXdNNJzvPpFD4-Ngij4Ap2bYLH4-editusp=drivesdk.lnk","22-07-2025 10:57:20 AM","C:\Users\Dell\AppData\Roaming\Microsoft\Windows\Recent\https--docs.google.com-document-d-1j6hVCvWlYT7qzPFjlXdNNJzvPpFD4-Ngij4Ap2bYLH4-editusp=drivesdk.lnk"
"https--docs.google.com-forms-d-1UCcTEmBFTNNSA-qjIvxc9iHvFX394Rerl4IoORg0_kU-edit.lnk","21-01-2025 06:37:07 PM","C:\Users\Dell\AppData\Roaming\Microsoft\Windows\Recent\https--docs.google.com-forms-d-1UCcTEmBFTNNSA-qjIvxc9iHvFX394Rerl4IoORg0_kU-edit.lnk"
"https--docs.google.com-forms-d-e-1FAIpQLSeYiNcTOKzo4wQ7p_3twvfmsB3BR8nnppw5wrpfIYqgBbdpag-viewformusp=preview.lnk","21-01-2025 06:41:41 PM","C:\Users\Dell\AppData\Roaming\Microsoft\Windows\Recent\https--docs.google.com-forms-d-e-1FAIpQLSeYiNcTOKzo4wQ7p_3twvfmsB3BR8nnppw5wrpfIYqgBbdpag-viewformusp=preview.lnk"
"https--docs.google.com-spreadsheets-d-1-Q4YEe6hihHKmwhLbljNPZsH6fJVqu24VUEDwklxlrQ-editgid=457977173.lnk","23-06-2025 03:34:32 PM","C:\Users\Dell\AppData\Roaming\Microsoft\Windows\Recent\https--docs.google.com-spreadsheets-d-1-Q4YEe6hihHKmwhLbljNPZsH6fJVqu24VUEDwklxlrQ-editgid=457977173.lnk"
"https--docs.google.com-spreadsheets-d-118HC7_toJPLGovy5W2URvhr9AoCyluqPLknCMnklBl4-editgid=1395347931.lnk","21-12-2024 01:34:14 PM","C:\Users\Dell\AppData\Roaming\Microsoft\Windows\Recent\https--docs.google.com-spreadsheets-d-118HC7_toJPLGovy5W2URvhr9AoCyluqPLknCMnklBl4-editgid=1395347931.lnk"
"https--docs.google.com-spreadsheets-d-12iTglKyj2ce1xYvt9uHRjwfEm8il69hTqaC5Y4BxYuI-editusp=sharing.lnk","17-01-2025 03:15:12 PM","C:\Users\Dell\AppData\Roaming\Microsoft\Windows\Recent\https--docs.google.com-spreadsheets-d-12iTglKyj2ce1xYvt9uHRjwfEm8il69hTqaC5Y4BxYuI-editusp=sharing.lnk"
"https--docs.google.com-spreadsheets-d-1AF-GA-voLU6NRTtZPSXcBpKg7vg4T2qRzB0EVo2YkPE-editgid=897496004.lnk","27-09-2025 03:44:17 PM","C:\Users\Dell\AppData\Roaming\Microsoft\Windows\Recent\https--docs.google.com-spreadsheets-d-1AF-GA-voLU6NRTtZPSXcBpKg7vg4T2qRzB0EVo2YkPE-editgid=897496004.lnk"
"https--docs.google.com-spreadsheets-d-1AkKppkLDk_m5FountA-ZzKzWkZkRzgySkzzQT3qe7L0-editgid=813524649.lnk","10-01-2025 02:23:01 PM","C:\Users\Dell\AppData\Roaming\Microsoft\Windows\Recent\https--docs.google.com-spreadsheets-d-1AkKppkLDk_m5FountA-ZzKzWkZkRzgySkzzQT3qe7L0-editgid=813524649.lnk"
"https--docs.google.com-spreadsheets-d-1cBOBoKc6-2apd1rtkzXkmQaatEtL7nCT567vbNLfXcY-editgid=269678579.lnk","19-06-2025 04:43:22 PM","C:\Users\Dell\AppData\Roaming\Microsoft\Windows\Recent\https--docs.google.com-spreadsheets-d-1cBOBoKc6-2apd1rtkzXkmQaatEtL7nCT567vbNLfXcY-editgid=269678579.lnk"
"https--docs.google.com-spreadsheets-d-1dGh6GA84NDbGzrNf0m9agO2XX8Gr0EczkKtF5usH-qc-editgid=0.lnk","27-03-2025 02:53:45 PM","C:\Users\Dell\AppData\Roaming\Microsoft\Windows\Recent\https--docs.google.com-spreadsheets-d-1dGh6GA84NDbGzrNf0m9agO2XX8Gr0EczkKtF5usH-qc-editgid=0.lnk"
"https--docs.google.com-spreadsheets-d-1evGWhrZONi1g2t2-HmRyqt_TeauvDfPB1wa5MyVL8es-editgid=760961878.lnk","25-10-2025 04:49:52 PM","C:\Users\Dell\AppData\Roaming\Microsoft\Windows\Recent\https--docs.google.com-spreadsheets-d-1evGWhrZONi1g2t2-HmRyqt_TeauvDfPB1wa5MyVL8es-editgid=760961878.lnk"
"https--docs.google.com-spreadsheets-d-1f5uJFOjmp1uZAhwpbRD6hh_8AyjTJIVRRuJBHsU9Gw8-editpli=1&gid=0.lnk","09-01-2025 03:38:49 PM","C:\Users\Dell\AppData\Roaming\Microsoft\Windows\Recent\https--docs.google.com-spreadsheets-d-1f5uJFOjmp1uZAhwpbRD6hh_8AyjTJIVRRuJBHsU9Gw8-editpli=1&gid=0.lnk"
"https--docs.google.com-spreadsheets-d-1GmbClFXlE7_1RsY92AnrbOa05Vk1yxm3OPHqHMslzHU-editgid=0.lnk","11-10-2025 05:35:44 PM","C:\Users\Dell\AppData\Roaming\Microsoft\Windows\Recent\https--docs.google.com-spreadsheets-d-1GmbClFXlE7_1RsY92AnrbOa05Vk1yxm3OPHqHMslzHU-editgid=0.lnk"
"https--docs.google.com-spreadsheets-d-1H78DAaqL4s3FQaoymXH3F9PTJqdreGULUwCOI55TAeU-editgid=216235955.lnk","07-10-2025 03:36:59 PM","C:\Users\Dell\AppData\Roaming\Microsoft\Windows\Recent\https--docs.google.com-spreadsheets-d-1H78DAaqL4s3FQaoymXH3F9PTJqdreGULUwCOI55TAeU-editgid=216235955.lnk"
"https--docs.google.com-spreadsheets-d-1iUGZLpYERvBhec5NvWOhw5htr0IFIroRTd4g2dZCiN4-editgid=813524649.lnk","15-09-2025 03:49:00 PM","C:\Users\Dell\AppData\Roaming\Microsoft\Windows\Recent\https--docs.google.com-spreadsheets-d-1iUGZLpYERvBhec5NvWOhw5htr0IFIroRTd4g2dZCiN4-editgid=813524649.lnk"
"https--docs.google.com-spreadsheets-d-1j-C2VlaDIY5IvzqTTOczu5gGzwJ_G61AgpNzMRwenEc-editgid=0 (2).lnk","26-07-2025 01:09:17 PM","C:\Users\Dell\AppData\Roaming\Microsoft\Windows\Recent\https--docs.google.com-spreadsheets-d-1j-C2VlaDIY5IvzqTTOczu5gGzwJ_G61AgpNzMRwenEc-editgid=0 (2).lnk"
"https--docs.google.com-spreadsheets-d-1j-C2VlaDIY5IvzqTTOczu5gGzwJ_G61AgpNzMRwenEc-editgid=0.lnk","24-01-2025 12:35:08 PM","C:\Users\Dell\AppData\Roaming\Microsoft\Windows\Recent\https--docs.google.com-spreadsheets-d-1j-C2VlaDIY5IvzqTTOczu5gGzwJ_G61AgpNzMRwenEc-editgid=0.lnk"
"https--docs.google.com-spreadsheets-d-1j-C2VlaDIY5IvzqTTOczu5gGzwJ_G61AgpNzMRwenEc-editgid=434291723.lnk","27-05-2025 11:00:11 AM","C:\Users\Dell\AppData\Roaming\Microsoft\Windows\Recent\https--docs.google.com-spreadsheets-d-1j-C2VlaDIY5IvzqTTOczu5gGzwJ_G61AgpNzMRwenEc-editgid=434291723.lnk"
"https--docs.google.com-spreadsheets-d-1LMM6uY3BoCZupym0xTP56BM4tvIaApA7BqYfIVbKHEY-editgid=0.lnk","22-11-2024 11:46:54 AM","C:\Users\Dell\AppData\Roaming\Microsoft\Windows\Recent\https--docs.google.com-spreadsheets-d-1LMM6uY3BoCZupym0xTP56BM4tvIaApA7BqYfIVbKHEY-editgid=0.lnk"
"https--docs.google.com-spreadsheets-d-1LqrbrzyJlMTPrWoLfudpherxSb6jXqklY5vDaW5ZqKA-editgid=1214475789.lnk","18-02-2025 03:04:31 PM","C:\Users\Dell\AppData\Roaming\Microsoft\Windows\Recent\https--docs.google.com-spreadsheets-d-1LqrbrzyJlMTPrWoLfudpherxSb6jXqklY5vDaW5ZqKA-editgid=1214475789.lnk"
"https--docs.google.com-spreadsheets-d-1MPKWCx7q4uTafPbN2F_zZXZwpHBw9Q-IHNgc8HuN1oM-editusp=sharing.lnk","09-10-2025 03:16:14 PM","C:\Users\Dell\AppData\Roaming\Microsoft\Windows\Recent\https--docs.google.com-spreadsheets-d-1MPKWCx7q4uTafPbN2F_zZXZwpHBw9Q-IHNgc8HuN1oM-editusp=sharing.lnk"
"https--docs.google.com-spreadsheets-d-1mv7ga64jeJDPjr15C6v_R_7muTGHSI_IRj1SW3E1rt0-editpli=1&gid=836601075.lnk","07-01-2025 04:29:58 PM","C:\Users\Dell\AppData\Roaming\Microsoft\Windows\Recent\https--docs.google.com-spreadsheets-d-1mv7ga64jeJDPjr15C6v_R_7muTGHSI_IRj1SW3E1rt0-editpli=1&gid=836601075.lnk"
"https--docs.google.com-spreadsheets-d-1NnKLCDHl8H6C4nLe8XvuR2h47s15jYdO8MV_QaOma-g-editgid=5406564.lnk","15-07-2025 03:51:49 PM","C:\Users\Dell\AppData\Roaming\Microsoft\Windows\Recent\https--docs.google.com-spreadsheets-d-1NnKLCDHl8H6C4nLe8XvuR2h47s15jYdO8MV_QaOma-g-editgid=5406564.lnk"
"https--docs.google.com-spreadsheets-d-1OCEUI0VxLYZjrVkrO5Gx47cFYZ6GnGfvdOXPWejKtDo-editusp=sharing.lnk","13-11-2024 12:10:02 PM","C:\Users\Dell\AppData\Roaming\Microsoft\Windows\Recent\https--docs.google.com-spreadsheets-d-1OCEUI0VxLYZjrVkrO5Gx47cFYZ6GnGfvdOXPWejKtDo-editusp=sharing.lnk"
"https--docs.google.com-spreadsheets-d-1ouLxQMQYfBeF3CFMd86hy-pYkEtSpD7Q6dZmw_2E0M8-editgid=708133169.lnk","03-10-2025 11:06:17 AM","C:\Users\Dell\AppData\Roaming\Microsoft\Windows\Recent\https--docs.google.com-spreadsheets-d-1ouLxQMQYfBeF3CFMd86hy-pYkEtSpD7Q6dZmw_2E0M8-editgid=708133169.lnk"
"https--docs.google.com-spreadsheets-d-1ouLxQMQYfBeF3CFMd86hy-pYkEtSpD7Q6dZmw_2E0M8-editpli=1&gid=1286033497.lnk","30-10-2025 02:08:32 PM","C:\Users\Dell\AppData\Roaming\Microsoft\Windows\Recent\https--docs.google.com-spreadsheets-d-1ouLxQMQYfBeF3CFMd86hy-pYkEtSpD7Q6dZmw_2E0M8-editpli=1&gid=1286033497.lnk"
"https--docs.google.com-spreadsheets-d-1q0L3Pt1XVXBJD5Nn03XJ7ciV66Js2fpsCoilc385Hfs-editgid=0.lnk","25-04-2025 03:58:18 PM","C:\Users\Dell\AppData\Roaming\Microsoft\Windows\Recent\https--docs.google.com-spreadsheets-d-1q0L3Pt1XVXBJD5Nn03XJ7ciV66Js2fpsCoilc385Hfs-editgid=0.lnk"
"https--docs.google.com-spreadsheets-d-1QwAKk_wqqooNfFXTH6kDsv1PGMcOOF1p60JXxuxmP8M-editusp=sharing.lnk","03-09-2025 03:26:31 PM","C:\Users\Dell\AppData\Roaming\Microsoft\Windows\Recent\https--docs.google.com-spreadsheets-d-1QwAKk_wqqooNfFXTH6kDsv1PGMcOOF1p60JXxuxmP8M-editusp=sharing.lnk"
"https--docs.google.com-spreadsheets-d-1rGjO_lZDFDRqQcKe5-0J8aWZphCZoZ1QOSzQ9ZDslZ0-editgid=563015096.lnk","17-06-2025 05:58:06 PM","C:\Users\Dell\AppData\Roaming\Microsoft\Windows\Recent\https--docs.google.com-spreadsheets-d-1rGjO_lZDFDRqQcKe5-0J8aWZphCZoZ1QOSzQ9ZDslZ0-editgid=563015096.lnk"
"https--docs.google.com-spreadsheets-d-1RuHZ4-o6xJPjwKRWAxrONMHVkof6Yv243Oiy0ZK0k_E-editusp=sharing.lnk","20-03-2025 11:42:06 AM","C:\Users\Dell\AppData\Roaming\Microsoft\Windows\Recent\https--docs.google.com-spreadsheets-d-1RuHZ4-o6xJPjwKRWAxrONMHVkof6Yv243Oiy0ZK0k_E-editusp=sharing.lnk"
"https--docs.google.com-spreadsheets-d-1t0shkxU3hNRwa3mAFqaIzWZkPYPjQQvJU8f6DSI2vPE-editgid=163809386.lnk","06-09-2025 01:16:19 PM","C:\Users\Dell\AppData\Roaming\Microsoft\Windows\Recent\https--docs.google.com-spreadsheets-d-1t0shkxU3hNRwa3mAFqaIzWZkPYPjQQvJU8f6DSI2vPE-editgid=163809386.lnk"
"https--docs.google.com-spreadsheets-d-1t0shkxU3hNRwa3mAFqaIzWZkPYPjQQvJU8f6DSI2vPE-editgid=482641851.lnk","21-07-2025 11:06:14 AM","C:\Users\Dell\AppData\Roaming\Microsoft\Windows\Recent\https--docs.google.com-spreadsheets-d-1t0shkxU3hNRwa3mAFqaIzWZkPYPjQQvJU8f6DSI2vPE-editgid=482641851.lnk"
"https--docs.google.com-spreadsheets-d-1TdLpmNYobsdfmVZ1jFGnZJkz3wb2gv8ZvzX0F4e_57k-editpli=1&gid=0.lnk","13-05-2025 12:21:29 PM","C:\Users\Dell\AppData\Roaming\Microsoft\Windows\Recent\https--docs.google.com-spreadsheets-d-1TdLpmNYobsdfmVZ1jFGnZJkz3wb2gv8ZvzX0F4e_57k-editpli=1&gid=0.lnk"
"https--docs.google.com-spreadsheets-d-1tHx5SobxguG6lI9XSQcd0Z-k63vsv3zP6idKN52zNSI-editgid=2137934681.lnk","22-08-2025 03:19:52 PM","C:\Users\Dell\AppData\Roaming\Microsoft\Windows\Recent\https--docs.google.com-spreadsheets-d-1tHx5SobxguG6lI9XSQcd0Z-k63vsv3zP6idKN52zNSI-editgid=2137934681.lnk"
"https--docs.google.com-spreadsheets-d-1tzWb0jTVK97gdA5fmdtwY42PULXbl-vEfHjU95Kzve0-editgid=1943000145 (2).lnk","11-12-2024 05:08:37 PM","C:\Users\Dell\AppData\Roaming\Microsoft\Windows\Recent\https--docs.google.com-spreadsheets-d-1tzWb0jTVK97gdA5fmdtwY42PULXbl-vEfHjU95Kzve0-editgid=1943000145 (2).lnk"
"https--docs.google.com-spreadsheets-d-1tzWb0jTVK97gdA5fmdtwY42PULXbl-vEfHjU95Kzve0-editgid=1943000145.lnk","11-12-2024 02:52:23 PM","C:\Users\Dell\AppData\Roaming\Microsoft\Windows\Recent\https--docs.google.com-spreadsheets-d-1tzWb0jTVK97gdA5fmdtwY42PULXbl-vEfHjU95Kzve0-editgid=1943000145.lnk"
"https--docs.google.com-spreadsheets-d-1uecUaGmoSq-beK8eJN8g7uSeX1D1EBzouoo7vU2qXuE-editgid=818181890.lnk","11-03-2025 06:27:24 PM","C:\Users\Dell\AppData\Roaming\Microsoft\Windows\Recent\https--docs.google.com-spreadsheets-d-1uecUaGmoSq-beK8eJN8g7uSeX1D1EBzouoo7vU2qXuE-editgid=818181890.lnk"
"https--docs.google.com-spreadsheets-d-1ukv1Kqg6ivvTAG0V0ID2LCqtiTG_s-ffdRNNrsft-OA-editgid=0.lnk","06-02-2025 01:15:40 PM","C:\Users\Dell\AppData\Roaming\Microsoft\Windows\Recent\https--docs.google.com-spreadsheets-d-1ukv1Kqg6ivvTAG0V0ID2LCqtiTG_s-ffdRNNrsft-OA-editgid=0.lnk"
"https--docs.google.com-spreadsheets-d-1uUYl6ASZsgCVGmCowPa7mqqM11AmyBQANw2vWiCVw3E-editgid=2131728658.lnk","16-10-2025 03:02:03 PM","C:\Users\Dell\AppData\Roaming\Microsoft\Windows\Recent\https--docs.google.com-spreadsheets-d-1uUYl6ASZsgCVGmCowPa7mqqM11AmyBQANw2vWiCVw3E-editgid=2131728658.lnk"
"https--docs.google.com-spreadsheets-d-1UxfiXJAaiNOUGnI67YziNmNnzYgKXIq1-editgid=1216048913.lnk","26-09-2025 05:02:05 PM","C:\Users\Dell\AppData\Roaming\Microsoft\Windows\Recent\https--docs.google.com-spreadsheets-d-1UxfiXJAaiNOUGnI67YziNmNnzYgKXIq1-editgid=1216048913.lnk"
"https--docs.google.com-spreadsheets-d-1V399KltRsPkBzOJqhe255ZI39_F_YfmN49EeJLReALQ-editgid=0.lnk","12-08-2025 12:43:49 PM","C:\Users\Dell\AppData\Roaming\Microsoft\Windows\Recent\https--docs.google.com-spreadsheets-d-1V399KltRsPkBzOJqhe255ZI39_F_YfmN49EeJLReALQ-editgid=0.lnk"
"https--docs.google.com-spreadsheets-d-1wVNwQxF8YAGIPecnppyytI925qBOlY-ljSYgTbeHjSw-editgid=1464817750.lnk","19-12-2024 04:06:17 PM","C:\Users\Dell\AppData\Roaming\Microsoft\Windows\Recent\https--docs.google.com-spreadsheets-d-1wVNwQxF8YAGIPecnppyytI925qBOlY-ljSYgTbeHjSw-editgid=1464817750.lnk"
"https--docs.google.com-spreadsheets-d-1XR7ePL7aQSIRM-z54tMPGPyAQ0N3h1ytXmB2HUvSniQ-editgid=0.lnk","30-05-2025 10:00:14 AM","C:\Users\Dell\AppData\Roaming\Microsoft\Windows\Recent\https--docs.google.com-spreadsheets-d-1XR7ePL7aQSIRM-z54tMPGPyAQ0N3h1ytXmB2HUvSniQ-editgid=0.lnk"
"https--docs.google.com-spreadsheets-d-1Yjg_JFosBGdTlzKnSf1h8cSPO3MgSalk2Z2GaS0jyf4-editgid=2139119853.lnk","21-12-2024 01:37:54 PM","C:\Users\Dell\AppData\Roaming\Microsoft\Windows\Recent\https--docs.google.com-spreadsheets-d-1Yjg_JFosBGdTlzKnSf1h8cSPO3MgSalk2Z2GaS0jyf4-editgid=2139119853.lnk"
"https--docs.google.com-spreadsheets-d-1ZEPswqry4NjSTEpzzpW8qlk5b0ZM_PjSE4pyIrcFKi8-editgid=434291723.lnk","24-01-2025 12:35:20 PM","C:\Users\Dell\AppData\Roaming\Microsoft\Windows\Recent\https--docs.google.com-spreadsheets-d-1ZEPswqry4NjSTEpzzpW8qlk5b0ZM_PjSE4pyIrcFKi8-editgid=434291723.lnk"
"https--docs.google.com-spreadsheets-d-1zMWnxv6J3rkBgZsAl3eJk--tjFLnH2Gp7CBzxZSaja4-editgid=1186521295 (2).lnk","09-10-2025 03:22:26 PM","C:\Users\Dell\AppData\Roaming\Microsoft\Windows\Recent\https--docs.google.com-spreadsheets-d-1zMWnxv6J3rkBgZsAl3eJk--tjFLnH2Gp7CBzxZSaja4-editgid=1186521295 (2).lnk"
"https--docs.google.com-spreadsheets-d-1zMWnxv6J3rkBgZsAl3eJk--tjFLnH2Gp7CBzxZSaja4-editgid=1186521295.lnk","02-01-2025 12:24:53 PM","C:\Users\Dell\AppData\Roaming\Microsoft\Windows\Recent\https--docs.google.com-spreadsheets-d-1zMWnxv6J3rkBgZsAl3eJk--tjFLnH2Gp7CBzxZSaja4-editgid=1186521295.lnk"
"https--docs.google.com-spreadsheets-d-1zqZCnxFeAD3GYHNkksF8zfvHYmVkRqYBaPIyKhGo7bY-editgid=0.lnk","27-08-2025 01:33:10 PM","C:\Users\Dell\AppData\Roaming\Microsoft\Windows\Recent\https--docs.google.com-spreadsheets-d-1zqZCnxFeAD3GYHNkksF8zfvHYmVkRqYBaPIyKhGo7bY-editgid=0.lnk"
"https--docs.google.com-spreadsheets-d-1zzMQ3DIqPg27yuDf1P_yTHfSCLL11uUC-editgid=1085113624.lnk","04-07-2025 04:12:51 PM","C:\Users\Dell\AppData\Roaming\Microsoft\Windows\Recent\https--docs.google.com-spreadsheets-d-1zzMQ3DIqPg27yuDf1P_yTHfSCLL11uUC-editgid=1085113624.lnk"
"https--drive.google.com-drive-u-0-folders-1Fwj4ODxXhMDP3NNAr0WhdpZ6b_zmZlas.lnk","22-01-2025 12:50:05 PM","C:\Users\Dell\AppData\Roaming\Microsoft\Windows\Recent\https--drive.google.com-drive-u-0-folders-1Fwj4ODxXhMDP3NNAr0WhdpZ6b_zmZlas.lnk"
"https--forms.gle-t5YXUeVuzUmQShkW8.lnk","18-12-2024 02:11:51 PM","C:\Users\Dell\AppData\Roaming\Microsoft\Windows\Recent\https--forms.gle-t5YXUeVuzUmQShkW8.lnk"
"https--g.co-kgs-Wey71ed.lnk","25-08-2025 02:13:51 PM","C:\Users\Dell\AppData\Roaming\Microsoft\Windows\Recent\https--g.co-kgs-Wey71ed.lnk"
"https--go.microsoft.com-fwlink-linkid=2164376.lnk","17-09-2025 04:03:24 PM","C:\Users\Dell\AppData\Roaming\Microsoft\Windows\Recent\https--go.microsoft.com-fwlink-linkid=2164376.lnk"
"https--go.microsoft.com-fwlink-LinkID=2167150&WT.mc_id=cmmhha5tl6w.lnk","23-07-2025 11:48:57 AM","C:\Users\Dell\AppData\Roaming\Microsoft\Windows\Recent\https--go.microsoft.com-fwlink-LinkID=2167150&WT.mc_id=cmmhha5tl6w.lnk"
"https--go.microsoft.com-fwlink-p-linkid=2162530.lnk","12-01-2025 04:05:43 PM","C:\Users\Dell\AppData\Roaming\Microsoft\Windows\Recent\https--go.microsoft.com-fwlink-p-linkid=2162530.lnk"
"https--lp.kanan.co-sat-12-week-online-coaching-Vadodara-.lnk","17-10-2025 10:43:43 AM","C:\Users\Dell\AppData\Roaming\Microsoft\Windows\Recent\https--lp.kanan.co-sat-12-week-online-coaching-Vadodara-.lnk"
"https--meet.google.com-fib-pnvj-jxk.lnk","04-10-2025 12:01:34 PM","C:\Users\Dell\AppData\Roaming\Microsoft\Windows\Recent\https--meet.google.com-fib-pnvj-jxk.lnk"
"https--meet.google.com-hfd-bdrk-auu.lnk","07-01-2025 02:45:31 PM","C:\Users\Dell\AppData\Roaming\Microsoft\Windows\Recent\https--meet.google.com-hfd-bdrk-auu.lnk"
"https--meet.google.com-sza-gmff-svk.lnk","24-07-2025 12:39:26 PM","C:\Users\Dell\AppData\Roaming\Microsoft\Windows\Recent\https--meet.google.com-sza-gmff-svk.lnk"
"https--meet.google.com-unw-bpaf-ovj.lnk","24-01-2025 12:45:29 PM","C:\Users\Dell\AppData\Roaming\Microsoft\Windows\Recent\https--meet.google.com-unw-bpaf-ovj.lnk"
"https--meet.google.com-xhb-eygb-aka.lnk","17-06-2025 03:45:28 PM","C:\Users\Dell\AppData\Roaming\Microsoft\Windows\Recent\https--meet.google.com-xhb-eygb-aka.lnk"
"https--onedrive.live.com-id=root&qt=recyclebin.lnk","23-07-2025 11:48:16 AM","C:\Users\Dell\AppData\Roaming\Microsoft\Windows\Recent\https--onedrive.live.com-id=root&qt=recyclebin.lnk"
"https--sarathi.parivahan.gov.in-sarathiservice-upload_updateUrl.do.lnk","28-12-2024 02:34:03 PM","C:\Users\Dell\AppData\Roaming\Microsoft\Windows\Recent\https--sarathi.parivahan.gov.in-sarathiservice-upload_updateUrl.do.lnk"
"https--study-in-us-with-kanan.netlify.app-.lnk","17-10-2025 10:43:35 AM","C:\Users\Dell\AppData\Roaming\Microsoft\Windows\Recent\https--study-in-us-with-kanan.netlify.app-.lnk"
"https--u.st-f.in-ab058i.lnk","16-06-2025 04:44:50 PM","C:\Users\Dell\AppData\Roaming\Microsoft\Windows\Recent\https--u.st-f.in-ab058i.lnk"
"https--us06web.zoom.us-j-83093536889pwd=IC3A8vgkgAyZmT9d5RHWkh5JFXLo4y.1.lnk","21-07-2025 03:35:19 PM","C:\Users\Dell\AppData\Roaming\Microsoft\Windows\Recent\https--us06web.zoom.us-j-83093536889pwd=IC3A8vgkgAyZmT9d5RHWkh5JFXLo4y.1.lnk"
"https--us06web.zoom.us-j-83612056948pwd=bMDDsZMc8m572mg8woqswBPkZ1iLqV.1.lnk","15-07-2025 07:11:57 PM","C:\Users\Dell\AppData\Roaming\Microsoft\Windows\Recent\https--us06web.zoom.us-j-83612056948pwd=bMDDsZMc8m572mg8woqswBPkZ1iLqV.1.lnk"
"https--us06web.zoom.us-j-85614537287pwd=aEdsVTBRR2FMYndpbjF4SzBzakNaQT09.lnk","17-01-2025 10:56:35 AM","C:\Users\Dell\AppData\Roaming\Microsoft\Windows\Recent\https--us06web.zoom.us-j-85614537287pwd=aEdsVTBRR2FMYndpbjF4SzBzakNaQT09.lnk"
"https--us06web.zoom.us-j-86540244208pwd=tGNdNBroI2bbKNkaA5qnClNY6EO7Jg.1.lnk","24-09-2025 05:56:56 PM","C:\Users\Dell\AppData\Roaming\Microsoft\Windows\Recent\https--us06web.zoom.us-j-86540244208pwd=tGNdNBroI2bbKNkaA5qnClNY6EO7Jg.1.lnk"
"https--us06web.zoom.us-j-86850310273pwd=sAJOZYFkIFGRs24q936JlC6eb1uMUX.1.lnk","23-06-2025 07:02:06 PM","C:\Users\Dell\AppData\Roaming\Microsoft\Windows\Recent\https--us06web.zoom.us-j-86850310273pwd=sAJOZYFkIFGRs24q936JlC6eb1uMUX.1.lnk"
"https--us06web.zoom.us-j-89481236400pwd=gwDzbZCUYU6p0zxKhMu6q7jIJIHXot.1.lnk","25-06-2025 06:01:30 PM","C:\Users\Dell\AppData\Roaming\Microsoft\Windows\Recent\https--us06web.zoom.us-j-89481236400pwd=gwDzbZCUYU6p0zxKhMu6q7jIJIHXot.1.lnk"
"https--us06web.zoom.us-webinar-register-WN_3phzoewDRpGzanXwu5gJ2w.lnk","06-01-2025 12:19:06 PM","C:\Users\Dell\AppData\Roaming\Microsoft\Windows\Recent\https--us06web.zoom.us-webinar-register-WN_3phzoewDRpGzanXwu5gJ2w.lnk"
"https--www.appsheet.com-start-54745de5-e33e-4904-bfe2-785a0988859eplatform=desktop.lnk","03-12-2024 12:48:15 PM","C:\Users\Dell\AppData\Roaming\Microsoft\Windows\Recent\https--www.appsheet.com-start-54745de5-e33e-4904-bfe2-785a0988859eplatform=desktop.lnk"
"https--www.appsheet.com-start-f2cf42b6-4089-41bb-a136-a9513cb52e2eplatform=desktop.lnk","24-05-2025 06:39:15 PM","C:\Users\Dell\AppData\Roaming\Microsoft\Windows\Recent\https--www.appsheet.com-start-f2cf42b6-4089-41bb-a136-a9513cb52e2eplatform=desktop.lnk"
"https--www.instagram.com-p-DF-GTuzznS6-.lnk","13-02-2025 05:40:59 PM","C:\Users\Dell\AppData\Roaming\Microsoft\Windows\Recent\https--www.instagram.com-p-DF-GTuzznS6-.lnk"
"https--www.instagram.com-p-DKCfl2osDGc-igsh=MXByejY4NmNqZmQ3OQ==.lnk","09-06-2025 01:48:26 PM","C:\Users\Dell\AppData\Roaming\Microsoft\Windows\Recent\https--www.instagram.com-p-DKCfl2osDGc-igsh=MXByejY4NmNqZmQ3OQ==.lnk"
"https--www.instagram.com-reel-DD1WpDWuzcx-igsh=YnphYTkwYWQyZGQ=.lnk","21-12-2024 04:38:43 PM","C:\Users\Dell\AppData\Roaming\Microsoft\Windows\Recent\https--www.instagram.com-reel-DD1WpDWuzcx-igsh=YnphYTkwYWQyZGQ=.lnk"
"https--www.linkedin.com-in-hiralgohel1468utm_source=share&utm_campaign=share_via&utm_content=profile&utm_medium=ios_app.lnk","25-09-2025 04:29:06 PM","C:\Users\Dell\AppData\Roaming\Microsoft\Windows\Recent\https--www.linkedin.com-in-hiralgohel1468utm_source=share&utm_campaign=share_via&utm_content=profile&utm_medium=ios_app.lnk"
"https--www.linkedin.com-jobs-view-4300453266.lnk","24-09-2025 03:17:59 PM","C:\Users\Dell\AppData\Roaming\Microsoft\Windows\Recent\https--www.linkedin.com-jobs-view-4300453266.lnk"
"https--www.linkedin.com-pulse-2024-year-redefined-study-abroad-kanan-visa-insights-lemje.lnk","28-12-2024 07:02:55 PM","C:\Users\Dell\AppData\Roaming\Microsoft\Windows\Recent\https--www.linkedin.com-pulse-2024-year-redefined-study-abroad-kanan-visa-insights-lemje.lnk"
"https--www.way2fresher.com-job-salesforce-hiring-freshers-for-recruitment-of-software-engineer-amts-.lnk","21-12-2024 01:09:45 PM","C:\Users\Dell\AppData\Roaming\Microsoft\Windows\Recent\https--www.way2fresher.com-job-salesforce-hiring-freshers-for-recruitment-of-software-engineer-amts-.lnk"
"images.jpeg.lnk","24-10-2025 07:10:58 PM","C:\Users\Dell\AppData\Roaming\Microsoft\Windows\Recent\images.jpeg.lnk"
"Important files (2).lnk","23-07-2025 11:51:04 AM","C:\Users\Dell\AppData\Roaming\Microsoft\Windows\Recent\Important files (2).lnk"
"Important files.lnk","21-01-2025 05:03:51 PM","C:\Users\Dell\AppData\Roaming\Microsoft\Windows\Recent\Important files.lnk"
"Internship QR.lnk","17-01-2025 12:32:09 PM","C:\Users\Dell\AppData\Roaming\Microsoft\Windows\Recent\Internship QR.lnk"
"Kananco-Powering-Global-Growth.pptx.lnk","16-07-2025 11:35:24 AM","C:\Users\Dell\AppData\Roaming\Microsoft\Windows\Recent\Kananco-Powering-Global-Growth.pptx.lnk"
"Kanan_New_Logo.svg.lnk","30-10-2025 02:14:58 PM","C:\Users\Dell\AppData\Roaming\Microsoft\Windows\Recent\Kanan_New_Logo.svg.lnk"
"Kanan_Original_New_Nov.png.lnk","15-09-2025 02:00:27 PM","C:\Users\Dell\AppData\Roaming\Microsoft\Windows\Recent\Kanan_Original_New_Nov.png.lnk"
"KR.xlsx.lnk","30-10-2025 01:48:48 PM","C:\Users\Dell\AppData\Roaming\Microsoft\Windows\Recent\KR.xlsx.lnk"
"KRA VIGILANCE.docx.lnk","30-10-2025 12:29:08 PM","C:\Users\Dell\AppData\Roaming\Microsoft\Windows\Recent\KRA VIGILANCE.docx.lnk"
"KRA VIGILANCE_Vishal Purabiya.docx.lnk","30-10-2025 12:29:05 PM","C:\Users\Dell\AppData\Roaming\Microsoft\Windows\Recent\KRA VIGILANCE_Vishal Purabiya.docx.lnk"
"KRA_Vigilance_Combined.xlsx.lnk","30-10-2025 02:00:57 PM","C:\Users\Dell\AppData\Roaming\Microsoft\Windows\Recent\KRA_Vigilance_Combined.xlsx.lnk"
"kritikaartworld-20250812-0005[1].jpg.lnk","11-10-2025 01:12:24 PM","C:\Users\Dell\AppData\Roaming\Microsoft\Windows\Recent\kritikaartworld-20250812-0005[1].jpg.lnk"
"kunal-mehta-2025-10-08T12_40_06.384Z-export.csv.lnk","08-10-2025 06:10:13 PM","C:\Users\Dell\AppData\Roaming\Microsoft\Windows\Recent\kunal-mehta-2025-10-08T12_40_06.384Z-export.csv.lnk"
"KYS (2).lnk","24-01-2025 07:45:48 PM","C:\Users\Dell\AppData\Roaming\Microsoft\Windows\Recent\KYS (2).lnk"
"LEARNING SESSIONS.lnk","22-07-2025 11:00:21 AM","C:\Users\Dell\AppData\Roaming\Microsoft\Windows\Recent\LEARNING SESSIONS.lnk"
"mailtoanjuri.manikanta%40kanan.co.lnk","18-07-2025 02:34:28 PM","C:\Users\Dell\AppData\Roaming\Microsoft\Windows\Recent\mailtoanjuri.manikanta%40kanan.co.lnk"
"Manav_Excel test.xlsx.lnk","24-10-2025 05:48:55 PM","C:\Users\Dell\AppData\Roaming\Microsoft\Windows\Recent\Manav_Excel test.xlsx.lnk"
"MCM Demo.docx.lnk","12-07-2025 06:17:38 PM","C:\Users\Dell\AppData\Roaming\Microsoft\Windows\Recent\MCM Demo.docx.lnk"
"microsoft-edgehttps--www.microsoft.com-edge-create-a-themesource=ip&es=0&form=M403V9&msclkid=79f050e99afc10e9e3443738852e5001.lnk","12-03-2025 01:55:10 PM","C:\Users\Dell\AppData\Roaming\Microsoft\Windows\Recent\microsoft-edgehttps--www.microsoft.com-edge-create-a-themesource=ip&es=0&form=M403V9&msclkid=79f050e99afc10e9e3443738852e5001.lnk"
"MIS (2).lnk","12-09-2025 03:13:55 PM","C:\Users\Dell\AppData\Roaming\Microsoft\Windows\Recent\MIS (2).lnk"
"MIS Department.pptx.lnk","31-10-2025 04:53:22 PM","C:\Users\Dell\AppData\Roaming\Microsoft\Windows\Recent\MIS Department.pptx.lnk"
"MIS Department_Final.pptx (2).lnk","31-10-2025 04:53:16 PM","C:\Users\Dell\AppData\Roaming\Microsoft\Windows\Recent\MIS Department_Final.pptx (2).lnk"
"MIS Department_Final.pptx.lnk","16-07-2025 05:00:58 PM","C:\Users\Dell\AppData\Roaming\Microsoft\Windows\Recent\MIS Department_Final.pptx.lnk"
"mis.lnk","09-07-2025 01:15:14 PM","C:\Users\Dell\AppData\Roaming\Microsoft\Windows\Recent\mis.lnk"
"MIS_DAILY_SUMMARY_REPORT -03-10-2025.pdf.lnk","03-10-2025 07:50:49 PM","C:\Users\Dell\AppData\Roaming\Microsoft\Windows\Recent\MIS_DAILY_SUMMARY_REPORT -03-10-2025.pdf.lnk"
"MIS_Department_Final_20 Sept'24.pptx.lnk","16-07-2025 05:00:54 PM","C:\Users\Dell\AppData\Roaming\Microsoft\Windows\Recent\MIS_Department_Final_20 Sept'24.pptx.lnk"
"MIS_Department_Final_20_Sept'24.lnk","04-01-2025 04:17:50 PM","C:\Users\Dell\AppData\Roaming\Microsoft\Windows\Recent\MIS_Department_Final_20_Sept'24.lnk"
"MIS_Department_Final_31_Jan'25.pptx.lnk","16-07-2025 06:11:17 PM","C:\Users\Dell\AppData\Roaming\Microsoft\Windows\Recent\MIS_Department_Final_31_Jan'25.pptx.lnk"
"Mouse.lnk","24-01-2025 03:41:54 PM","C:\Users\Dell\AppData\Roaming\Microsoft\Windows\Recent\Mouse.lnk"
"ms-actioncentercontrolcenter-&suppressAnimations=false&showFooter=true&allowPageNavigation=true&edgeGestureOffset=0&inputAnimationSourceId=0&inputAnimationProviderId=0 (10).lnk","08-01-2025 05:07:47 PM","C:\Users\Dell\AppData\Roaming\Microsoft\Windows\Recent\ms-actioncentercontrolcenter-&suppressAnimations=false&showFooter=true&allowPageNavigation=true&edgeGestureOffset=0&inputAnimationSourceId=0&inputAnimationProviderId=0 (10).lnk"
"ms-actioncentercontrolcenter-&suppressAnimations=false&showFooter=true&allowPageNavigation=true&edgeGestureOffset=0&inputAnimationSourceId=0&inputAnimationProviderId=0 (11).lnk","12-01-2025 11:22:29 AM","C:\Users\Dell\AppData\Roaming\Microsoft\Windows\Recent\ms-actioncentercontrolcenter-&suppressAnimations=false&showFooter=true&allowPageNavigation=true&edgeGestureOffset=0&inputAnimationSourceId=0&inputAnimationProviderId=0 (11).lnk"
"ms-actioncentercontrolcenter-&suppressAnimations=false&showFooter=true&allowPageNavigation=true&edgeGestureOffset=0&inputAnimationSourceId=0&inputAnimationProviderId=0 (2).lnk","24-10-2024 11:04:35 AM","C:\Users\Dell\AppData\Roaming\Microsoft\Windows\Recent\ms-actioncentercontrolcenter-&suppressAnimations=false&showFooter=true&allowPageNavigation=true&edgeGestureOffset=0&inputAnimationSourceId=0&inputAnimationProviderId=0 (2).lnk"
"ms-actioncentercontrolcenter-&suppressAnimations=false&showFooter=true&allowPageNavigation=true&edgeGestureOffset=0&inputAnimationSourceId=0&inputAnimationProviderId=0 (3).lnk","20-11-2024 10:42:35 AM","C:\Users\Dell\AppData\Roaming\Microsoft\Windows\Recent\ms-actioncentercontrolcenter-&suppressAnimations=false&showFooter=true&allowPageNavigation=true&edgeGestureOffset=0&inputAnimationSourceId=0&inputAnimationProviderId=0 (3).lnk"
"ms-actioncentercontrolcenter-&suppressAnimations=false&showFooter=true&allowPageNavigation=true&edgeGestureOffset=0&inputAnimationSourceId=0&inputAnimationProviderId=0 (4).lnk","22-11-2024 05:23:51 PM","C:\Users\Dell\AppData\Roaming\Microsoft\Windows\Recent\ms-actioncentercontrolcenter-&suppressAnimations=false&showFooter=true&allowPageNavigation=true&edgeGestureOffset=0&inputAnimationSourceId=0&inputAnimationProviderId=0 (4).lnk"
"ms-actioncentercontrolcenter-&suppressAnimations=false&showFooter=true&allowPageNavigation=true&edgeGestureOffset=0&inputAnimationSourceId=0&inputAnimationProviderId=0 (5).lnk","11-12-2024 06:41:38 PM","C:\Users\Dell\AppData\Roaming\Microsoft\Windows\Recent\ms-actioncentercontrolcenter-&suppressAnimations=false&showFooter=true&allowPageNavigation=true&edgeGestureOffset=0&inputAnimationSourceId=0&inputAnimationProviderId=0 (5).lnk"
"ms-actioncentercontrolcenter-&suppressAnimations=false&showFooter=true&allowPageNavigation=true&edgeGestureOffset=0&inputAnimationSourceId=0&inputAnimationProviderId=0 (6).lnk","20-12-2024 11:20:14 AM","C:\Users\Dell\AppData\Roaming\Microsoft\Windows\Recent\ms-actioncentercontrolcenter-&suppressAnimations=false&showFooter=true&allowPageNavigation=true&edgeGestureOffset=0&inputAnimationSourceId=0&inputAnimationProviderId=0 (6).lnk"
"ms-actioncentercontrolcenter-&suppressAnimations=false&showFooter=true&allowPageNavigation=true&edgeGestureOffset=0&inputAnimationSourceId=0&inputAnimationProviderId=0 (7).lnk","27-12-2024 03:46:59 PM","C:\Users\Dell\AppData\Roaming\Microsoft\Windows\Recent\ms-actioncentercontrolcenter-&suppressAnimations=false&showFooter=true&allowPageNavigation=true&edgeGestureOffset=0&inputAnimationSourceId=0&inputAnimationProviderId=0 (7).lnk"
"ms-actioncentercontrolcenter-&suppressAnimations=false&showFooter=true&allowPageNavigation=true&edgeGestureOffset=0&inputAnimationSourceId=0&inputAnimationProviderId=0 (8).lnk","02-01-2025 11:10:20 AM","C:\Users\Dell\AppData\Roaming\Microsoft\Windows\Recent\ms-actioncentercontrolcenter-&suppressAnimations=false&showFooter=true&allowPageNavigation=true&edgeGestureOffset=0&inputAnimationSourceId=0&inputAnimationProviderId=0 (8).lnk"
"ms-actioncentercontrolcenter-&suppressAnimations=false&showFooter=true&allowPageNavigation=true&edgeGestureOffset=0&inputAnimationSourceId=0&inputAnimationProviderId=0 (9).lnk","02-01-2025 07:49:02 PM","C:\Users\Dell\AppData\Roaming\Microsoft\Windows\Recent\ms-actioncentercontrolcenter-&suppressAnimations=false&showFooter=true&allowPageNavigation=true&edgeGestureOffset=0&inputAnimationSourceId=0&inputAnimationProviderId=0 (9).lnk"
"ms-actioncentercontrolcenter-&suppressAnimations=false&showFooter=true&allowPageNavigation=true&edgeGestureOffset=0&inputAnimationSourceId=0&inputAnimationProviderId=0.lnk","19-10-2024 03:51:33 PM","C:\Users\Dell\AppData\Roaming\Microsoft\Windows\Recent\ms-actioncentercontrolcenter-&suppressAnimations=false&showFooter=true&allowPageNavigation=true&edgeGestureOffset=0&inputAnimationSourceId=0&inputAnimationProviderId=0.lnk"
"ms-actioncentercontrolcenter-cast (2).lnk","09-01-2025 11:44:06 AM","C:\Users\Dell\AppData\Roaming\Microsoft\Windows\Recent\ms-actioncentercontrolcenter-cast (2).lnk"
"ms-actioncentercontrolcenter-cast.lnk","16-10-2024 12:06:45 PM","C:\Users\Dell\AppData\Roaming\Microsoft\Windows\Recent\ms-actioncentercontrolcenter-cast.lnk"
"ms-actioncentercontrolcenter-project.lnk","17-12-2024 07:04:53 PM","C:\Users\Dell\AppData\Roaming\Microsoft\Windows\Recent\ms-actioncentercontrolcenter-project.lnk"
"ms-copilothotkeypress=tap.lnk","18-09-2025 06:13:43 PM","C:\Users\Dell\AppData\Roaming\Microsoft\Windows\Recent\ms-copilothotkeypress=tap.lnk"
"ms-gamebar--hotkey-ihkid=IHKID_TOGGLE_GAME_RECORDING_INDICATOR&source=GbEm.lnk","25-12-2024 07:12:59 PM","C:\Users\Dell\AppData\Roaming\Microsoft\Windows\Recent\ms-gamebar--hotkey-ihkid=IHKID_TOGGLE_GAME_RECORDING_INDICATOR&source=GbEm.lnk"
"ms-gamingoverlay--- (2).lnk","25-07-2025 11:04:00 AM","C:\Users\Dell\AppData\Roaming\Microsoft\Windows\Recent\ms-gamingoverlay--- (2).lnk"
"ms-gamingoverlay--- (3).lnk","30-10-2025 12:31:50 PM","C:\Users\Dell\AppData\Roaming\Microsoft\Windows\Recent\ms-gamingoverlay--- (3).lnk"
"ms-gamingoverlay---.lnk","24-01-2025 11:17:25 AM","C:\Users\Dell\AppData\Roaming\Microsoft\Windows\Recent\ms-gamingoverlay---.lnk"
"ms-gamingoverlay--kglcheck- (2).lnk","25-07-2025 11:04:00 AM","C:\Users\Dell\AppData\Roaming\Microsoft\Windows\Recent\ms-gamingoverlay--kglcheck- (2).lnk"
"ms-gamingoverlay--kglcheck- (3).lnk","30-10-2025 12:31:50 PM","C:\Users\Dell\AppData\Roaming\Microsoft\Windows\Recent\ms-gamingoverlay--kglcheck- (3).lnk"
"ms-gamingoverlay--kglcheck-.lnk","24-01-2025 11:17:25 AM","C:\Users\Dell\AppData\Roaming\Microsoft\Windows\Recent\ms-gamingoverlay--kglcheck-.lnk"
"ms-photosspareprocess-viewer (10).lnk","02-12-2024 05:06:07 PM","C:\Users\Dell\AppData\Roaming\Microsoft\Windows\Recent\ms-photosspareprocess-viewer (10).lnk"
"ms-photosspareprocess-viewer (11).lnk","03-12-2024 06:59:19 PM","C:\Users\Dell\AppData\Roaming\Microsoft\Windows\Recent\ms-photosspareprocess-viewer (11).lnk"
"ms-photosspareprocess-viewer (12).lnk","11-12-2024 11:00:24 AM","C:\Users\Dell\AppData\Roaming\Microsoft\Windows\Recent\ms-photosspareprocess-viewer (12).lnk"
"ms-photosspareprocess-viewer (13).lnk","11-12-2024 11:04:05 AM","C:\Users\Dell\AppData\Roaming\Microsoft\Windows\Recent\ms-photosspareprocess-viewer (13).lnk"
"ms-photosspareprocess-viewer (14).lnk","02-01-2025 03:29:59 PM","C:\Users\Dell\AppData\Roaming\Microsoft\Windows\Recent\ms-photosspareprocess-viewer (14).lnk"
"ms-photosspareprocess-viewer (15).lnk","08-01-2025 03:58:06 PM","C:\Users\Dell\AppData\Roaming\Microsoft\Windows\Recent\ms-photosspareprocess-viewer (15).lnk"
"ms-photosspareprocess-viewer (16).lnk","11-01-2025 07:32:10 PM","C:\Users\Dell\AppData\Roaming\Microsoft\Windows\Recent\ms-photosspareprocess-viewer (16).lnk"
"ms-photosspareprocess-viewer (17).lnk","17-01-2025 12:31:34 PM","C:\Users\Dell\AppData\Roaming\Microsoft\Windows\Recent\ms-photosspareprocess-viewer (17).lnk"
"ms-photosspareprocess-viewer (18).lnk","28-01-2025 06:49:48 PM","C:\Users\Dell\AppData\Roaming\Microsoft\Windows\Recent\ms-photosspareprocess-viewer (18).lnk"
"ms-photosspareprocess-viewer (19).lnk","31-01-2025 02:41:47 PM","C:\Users\Dell\AppData\Roaming\Microsoft\Windows\Recent\ms-photosspareprocess-viewer (19).lnk"
"ms-photosspareprocess-viewer (2).lnk","24-10-2024 11:09:34 AM","C:\Users\Dell\AppData\Roaming\Microsoft\Windows\Recent\ms-photosspareprocess-viewer (2).lnk"
"ms-photosspareprocess-viewer (20).lnk","04-02-2025 12:01:28 PM","C:\Users\Dell\AppData\Roaming\Microsoft\Windows\Recent\ms-photosspareprocess-viewer (20).lnk"
"ms-photosspareprocess-viewer (21).lnk","10-02-2025 07:42:43 PM","C:\Users\Dell\AppData\Roaming\Microsoft\Windows\Recent\ms-photosspareprocess-viewer (21).lnk"
"ms-photosspareprocess-viewer (22).lnk","14-02-2025 04:26:36 PM","C:\Users\Dell\AppData\Roaming\Microsoft\Windows\Recent\ms-photosspareprocess-viewer (22).lnk"
"ms-photosspareprocess-viewer (23).lnk","17-02-2025 06:04:36 PM","C:\Users\Dell\AppData\Roaming\Microsoft\Windows\Recent\ms-photosspareprocess-viewer (23).lnk"
"ms-photosspareprocess-viewer (24).lnk","18-02-2025 08:01:04 PM","C:\Users\Dell\AppData\Roaming\Microsoft\Windows\Recent\ms-photosspareprocess-viewer (24).lnk"
"ms-photosspareprocess-viewer (25).lnk","25-02-2025 11:39:45 AM","C:\Users\Dell\AppData\Roaming\Microsoft\Windows\Recent\ms-photosspareprocess-viewer (25).lnk"
"ms-photosspareprocess-viewer (26).lnk","26-02-2025 07:40:08 PM","C:\Users\Dell\AppData\Roaming\Microsoft\Windows\Recent\ms-photosspareprocess-viewer (26).lnk"
"ms-photosspareprocess-viewer (27).lnk","27-02-2025 06:41:31 PM","C:\Users\Dell\AppData\Roaming\Microsoft\Windows\Recent\ms-photosspareprocess-viewer (27).lnk"
"ms-photosspareprocess-viewer (28).lnk","10-03-2025 01:09:02 PM","C:\Users\Dell\AppData\Roaming\Microsoft\Windows\Recent\ms-photosspareprocess-viewer (28).lnk"
"ms-photosspareprocess-viewer (29).lnk","12-03-2025 06:19:49 PM","C:\Users\Dell\AppData\Roaming\Microsoft\Windows\Recent\ms-photosspareprocess-viewer (29).lnk"
"ms-photosspareprocess-viewer (3).lnk","24-10-2024 11:15:29 AM","C:\Users\Dell\AppData\Roaming\Microsoft\Windows\Recent\ms-photosspareprocess-viewer (3).lnk"
"ms-photosspareprocess-viewer (30).lnk","15-03-2025 03:56:17 PM","C:\Users\Dell\AppData\Roaming\Microsoft\Windows\Recent\ms-photosspareprocess-viewer (30).lnk"
"ms-photosspareprocess-viewer (31).lnk","15-03-2025 05:13:07 PM","C:\Users\Dell\AppData\Roaming\Microsoft\Windows\Recent\ms-photosspareprocess-viewer (31).lnk"
"ms-photosspareprocess-viewer (32).lnk","17-03-2025 04:31:01 PM","C:\Users\Dell\AppData\Roaming\Microsoft\Windows\Recent\ms-photosspareprocess-viewer (32).lnk"
"ms-photosspareprocess-viewer (33).lnk","18-03-2025 06:26:51 PM","C:\Users\Dell\AppData\Roaming\Microsoft\Windows\Recent\ms-photosspareprocess-viewer (33).lnk"
"ms-photosspareprocess-viewer (34).lnk","18-03-2025 07:02:48 PM","C:\Users\Dell\AppData\Roaming\Microsoft\Windows\Recent\ms-photosspareprocess-viewer (34).lnk"
"ms-photosspareprocess-viewer (35).lnk","18-03-2025 08:26:51 PM","C:\Users\Dell\AppData\Roaming\Microsoft\Windows\Recent\ms-photosspareprocess-viewer (35).lnk"
"ms-photosspareprocess-viewer (36).lnk","25-03-2025 03:49:50 PM","C:\Users\Dell\AppData\Roaming\Microsoft\Windows\Recent\ms-photosspareprocess-viewer (36).lnk"
"ms-photosspareprocess-viewer (37).lnk","01-04-2025 07:49:33 PM","C:\Users\Dell\AppData\Roaming\Microsoft\Windows\Recent\ms-photosspareprocess-viewer (37).lnk"
"ms-photosspareprocess-viewer (38).lnk","05-04-2025 10:18:50 AM","C:\Users\Dell\AppData\Roaming\Microsoft\Windows\Recent\ms-photosspareprocess-viewer (38).lnk"
"ms-photosspareprocess-viewer (39).lnk","09-04-2025 04:21:33 PM","C:\Users\Dell\AppData\Roaming\Microsoft\Windows\Recent\ms-photosspareprocess-viewer (39).lnk"
"ms-photosspareprocess-viewer (4).lnk","04-11-2024 01:43:12 PM","C:\Users\Dell\AppData\Roaming\Microsoft\Windows\Recent\ms-photosspareprocess-viewer (4).lnk"
"ms-photosspareprocess-viewer (40).lnk","10-04-2025 05:33:01 PM","C:\Users\Dell\AppData\Roaming\Microsoft\Windows\Recent\ms-photosspareprocess-viewer (40).lnk"
"ms-photosspareprocess-viewer (41).lnk","11-04-2025 05:26:03 PM","C:\Users\Dell\AppData\Roaming\Microsoft\Windows\Recent\ms-photosspareprocess-viewer (41).lnk"
"ms-photosspareprocess-viewer (42).lnk","13-04-2025 10:40:29 AM","C:\Users\Dell\AppData\Roaming\Microsoft\Windows\Recent\ms-photosspareprocess-viewer (42).lnk"
"ms-photosspareprocess-viewer (43).lnk","21-04-2025 11:00:56 AM","C:\Users\Dell\AppData\Roaming\Microsoft\Windows\Recent\ms-photosspareprocess-viewer (43).lnk"
"ms-photosspareprocess-viewer (44).lnk","26-04-2025 12:17:12 PM","C:\Users\Dell\AppData\Roaming\Microsoft\Windows\Recent\ms-photosspareprocess-viewer (44).lnk"
"ms-photosspareprocess-viewer (45).lnk","03-05-2025 09:33:08 AM","C:\Users\Dell\AppData\Roaming\Microsoft\Windows\Recent\ms-photosspareprocess-viewer (45).lnk"
"ms-photosspareprocess-viewer (46).lnk","08-05-2025 11:14:38 AM","C:\Users\Dell\AppData\Roaming\Microsoft\Windows\Recent\ms-photosspareprocess-viewer (46).lnk"
"ms-photosspareprocess-viewer (47).lnk","10-05-2025 12:36:42 PM","C:\Users\Dell\AppData\Roaming\Microsoft\Windows\Recent\ms-photosspareprocess-viewer (47).lnk"
"ms-photosspareprocess-viewer (48).lnk","10-05-2025 07:44:31 PM","C:\Users\Dell\AppData\Roaming\Microsoft\Windows\Recent\ms-photosspareprocess-viewer (48).lnk"
"ms-photosspareprocess-viewer (49).lnk","13-05-2025 06:40:39 PM","C:\Users\Dell\AppData\Roaming\Microsoft\Windows\Recent\ms-photosspareprocess-viewer (49).lnk"
"ms-photosspareprocess-viewer (5).lnk","08-11-2024 05:36:53 PM","C:\Users\Dell\AppData\Roaming\Microsoft\Windows\Recent\ms-photosspareprocess-viewer (5).lnk"
"ms-photosspareprocess-viewer (50).lnk","16-05-2025 11:59:08 AM","C:\Users\Dell\AppData\Roaming\Microsoft\Windows\Recent\ms-photosspareprocess-viewer (50).lnk"
"ms-photosspareprocess-viewer (51).lnk","16-05-2025 06:20:03 PM","C:\Users\Dell\AppData\Roaming\Microsoft\Windows\Recent\ms-photosspareprocess-viewer (51).lnk"
"ms-photosspareprocess-viewer (52).lnk","19-05-2025 03:25:57 PM","C:\Users\Dell\AppData\Roaming\Microsoft\Windows\Recent\ms-photosspareprocess-viewer (52).lnk"
"ms-photosspareprocess-viewer (53).lnk","29-05-2025 03:46:08 PM","C:\Users\Dell\AppData\Roaming\Microsoft\Windows\Recent\ms-photosspareprocess-viewer (53).lnk"
"ms-photosspareprocess-viewer (54).lnk","14-06-2025 02:20:39 PM","C:\Users\Dell\AppData\Roaming\Microsoft\Windows\Recent\ms-photosspareprocess-viewer (54).lnk"
"ms-photosspareprocess-viewer (55).lnk","01-07-2025 12:59:49 PM","C:\Users\Dell\AppData\Roaming\Microsoft\Windows\Recent\ms-photosspareprocess-viewer (55).lnk"
"ms-photosspareprocess-viewer (56).lnk","18-07-2025 07:06:52 PM","C:\Users\Dell\AppData\Roaming\Microsoft\Windows\Recent\ms-photosspareprocess-viewer (56).lnk"
"ms-photosspareprocess-viewer (57).lnk","23-07-2025 11:53:27 AM","C:\Users\Dell\AppData\Roaming\Microsoft\Windows\Recent\ms-photosspareprocess-viewer (57).lnk"
"ms-photosspareprocess-viewer (58).lnk","01-08-2025 11:39:21 AM","C:\Users\Dell\AppData\Roaming\Microsoft\Windows\Recent\ms-photosspareprocess-viewer (58).lnk"
"ms-photosspareprocess-viewer (59).lnk","13-08-2025 02:29:00 PM","C:\Users\Dell\AppData\Roaming\Microsoft\Windows\Recent\ms-photosspareprocess-viewer (59).lnk"
"ms-photosspareprocess-viewer (6).lnk","12-11-2024 01:44:33 PM","C:\Users\Dell\AppData\Roaming\Microsoft\Windows\Recent\ms-photosspareprocess-viewer (6).lnk"
"ms-photosspareprocess-viewer (60).lnk","14-08-2025 06:05:40 PM","C:\Users\Dell\AppData\Roaming\Microsoft\Windows\Recent\ms-photosspareprocess-viewer (60).lnk"
"ms-photosspareprocess-viewer (61).lnk","19-09-2025 03:33:04 PM","C:\Users\Dell\AppData\Roaming\Microsoft\Windows\Recent\ms-photosspareprocess-viewer (61).lnk"
"ms-photosspareprocess-viewer (62).lnk","03-10-2025 11:03:27 AM","C:\Users\Dell\AppData\Roaming\Microsoft\Windows\Recent\ms-photosspareprocess-viewer (62).lnk"
"ms-photosspareprocess-viewer (63).lnk","11-10-2025 01:12:36 PM","C:\Users\Dell\AppData\Roaming\Microsoft\Windows\Recent\ms-photosspareprocess-viewer (63).lnk"
"ms-photosspareprocess-viewer (64).lnk","30-10-2025 01:41:40 PM","C:\Users\Dell\AppData\Roaming\Microsoft\Windows\Recent\ms-photosspareprocess-viewer (64).lnk"
"ms-photosspareprocess-viewer (7).lnk","14-11-2024 07:01:43 PM","C:\Users\Dell\AppData\Roaming\Microsoft\Windows\Recent\ms-photosspareprocess-viewer (7).lnk"
"ms-photosspareprocess-viewer (8).lnk","27-11-2024 11:06:02 AM","C:\Users\Dell\AppData\Roaming\Microsoft\Windows\Recent\ms-photosspareprocess-viewer (8).lnk"
"ms-photosspareprocess-viewer (9).lnk","27-11-2024 03:21:37 PM","C:\Users\Dell\AppData\Roaming\Microsoft\Windows\Recent\ms-photosspareprocess-viewer (9).lnk"
"ms-photosspareprocess-viewer.lnk","18-10-2024 05:28:01 PM","C:\Users\Dell\AppData\Roaming\Microsoft\Windows\Recent\ms-photosspareprocess-viewer.lnk"
"ms-print-queueopenprinter=HP%20LaserJet%20Tank%201020.lnk","18-01-2025 12:07:23 PM","C:\Users\Dell\AppData\Roaming\Microsoft\Windows\Recent\ms-print-queueopenprinter=HP%20LaserJet%20Tank%201020.lnk"
"ms-print-queueopenprinter=NPI3309B7%20%28HP%20LaserJet%20Tank%201020w%29 (2).lnk","27-09-2025 02:50:50 PM","C:\Users\Dell\AppData\Roaming\Microsoft\Windows\Recent\ms-print-queueopenprinter=NPI3309B7%20%28HP%20LaserJet%20Tank%201020w%29 (2).lnk"
"ms-print-queueopenprinter=NPI3309B7%20%28HP%20LaserJet%20Tank%201020w%29.lnk","21-07-2025 01:59:52 PM","C:\Users\Dell\AppData\Roaming\Microsoft\Windows\Recent\ms-print-queueopenprinter=NPI3309B7%20%28HP%20LaserJet%20Tank%201020w%29.lnk"
"ms-screensketchedit&filePath=C%3A%5CUsers%5CDell%5COneDrive%5CPictures%5CScreenshots%5CScreenshot%202025-07-09%20164213.png&isTemporary=false&saved=true&source=Toast.lnk","09-07-2025 04:42:16 PM","C:\Users\Dell\AppData\Roaming\Microsoft\Windows\Recent\ms-screensketchedit&filePath=C%3A%5CUsers%5CDell%5COneDrive%5CPictures%5CScreenshots%5CScreenshot%202025-07-09%20164213.png&isTemporary=false&saved=true&source=Toast.lnk"
"ms-screensketchedit&filePath=C%3A%5CUsers%5CDell%5COneDrive%5CPictures%5CScreenshots%5CScreenshot%202025-09-19%20192728.png&isTemporary=false&saved=true&source=MarkUpButton.lnk","19-09-2025 07:27:33 PM","C:\Users\Dell\AppData\Roaming\Microsoft\Windows\Recent\ms-screensketchedit&filePath=C%3A%5CUsers%5CDell%5COneDrive%5CPictures%5CScreenshots%5CScreenshot%202025-09-19%20192728.png&isTemporary=false&saved=true&source=MarkUpButton.lnk"
"ms-screensketchedit&source=Toast&filePath=C%3A%5CUsers%5CDell%5COneDrive%5CPictures%5CScreenshots%5CScreenshot%202024-12-16%20141135.png&isTemporary=false&saved=true.lnk","16-12-2024 02:11:37 PM","C:\Users\Dell\AppData\Roaming\Microsoft\Windows\Recent\ms-screensketchedit&source=Toast&filePath=C%3A%5CUsers%5CDell%5COneDrive%5CPictures%5CScreenshots%5CScreenshot%202024-12-16%20141135.png&isTemporary=false&saved=true.lnk"
"ms-screensketchedit&source=Toast&filePath=C%3A%5CUsers%5CDell%5COneDrive%5CPictures%5CScreenshots%5CScreenshot%202024-12-17%20175728.png&isTemporary=false&saved=true.lnk","17-12-2024 05:57:29 PM","C:\Users\Dell\AppData\Roaming\Microsoft\Windows\Recent\ms-screensketchedit&source=Toast&filePath=C%3A%5CUsers%5CDell%5COneDrive%5CPictures%5CScreenshots%5CScreenshot%202024-12-17%20175728.png&isTemporary=false&saved=true.lnk"
"ms-screensketchedit&source=Toast&filePath=C%3A%5CUsers%5CDell%5COneDrive%5CPictures%5CScreenshots%5CScreenshot%202025-01-17%20121330.png&isTemporary=false&saved=true.lnk","17-01-2025 12:13:32 PM","C:\Users\Dell\AppData\Roaming\Microsoft\Windows\Recent\ms-screensketchedit&source=Toast&filePath=C%3A%5CUsers%5CDell%5COneDrive%5CPictures%5CScreenshots%5CScreenshot%202025-01-17%20121330.png&isTemporary=false&saved=true.lnk"
"ms-settingsaccounts.lnk","25-10-2025 04:49:52 PM","C:\Users\Dell\AppData\Roaming\Microsoft\Windows\Recent\ms-settingsaccounts.lnk"
"ms-settingsdateandtime.lnk","16-12-2024 04:46:00 PM","C:\Users\Dell\AppData\Roaming\Microsoft\Windows\Recent\ms-settingsdateandtime.lnk"
"ms-settingsnotifications.lnk","14-12-2024 02:11:48 PM","C:\Users\Dell\AppData\Roaming\Microsoft\Windows\Recent\ms-settingsnotifications.lnk"
"ms-settingstaskbar.lnk","24-10-2024 02:42:50 PM","C:\Users\Dell\AppData\Roaming\Microsoft\Windows\Recent\ms-settingstaskbar.lnk"
"ms-settingswindowsupdate (2).lnk","24-10-2025 06:46:22 PM","C:\Users\Dell\AppData\Roaming\Microsoft\Windows\Recent\ms-settingswindowsupdate (2).lnk"
"ms-settingswindowsupdate.lnk","16-01-2025 02:10:22 PM","C:\Users\Dell\AppData\Roaming\Microsoft\Windows\Recent\ms-settingswindowsupdate.lnk"
"ms-settingswindowsupdatewinsettingshome (2).lnk","12-01-2025 07:11:09 PM","C:\Users\Dell\AppData\Roaming\Microsoft\Windows\Recent\ms-settingswindowsupdatewinsettingshome (2).lnk"
"ms-settingswindowsupdatewinsettingshome (3).lnk","20-01-2025 02:45:24 PM","C:\Users\Dell\AppData\Roaming\Microsoft\Windows\Recent\ms-settingswindowsupdatewinsettingshome (3).lnk"
"ms-settingswindowsupdatewinsettingshome.lnk","12-01-2025 04:04:38 PM","C:\Users\Dell\AppData\Roaming\Microsoft\Windows\Recent\ms-settingswindowsupdatewinsettingshome.lnk"
"MY KRA.pdf.lnk","03-10-2025 02:55:07 PM","C:\Users\Dell\AppData\Roaming\Microsoft\Windows\Recent\MY KRA.pdf.lnk"
"Network and Sharing Center (2).lnk","24-01-2025 06:26:31 PM","C:\Users\Dell\AppData\Roaming\Microsoft\Windows\Recent\Network and Sharing Center (2).lnk"
"Network and Sharing Center.lnk","16-10-2024 05:09:43 PM","C:\Users\Dell\AppData\Roaming\Microsoft\Windows\Recent\Network and Sharing Center.lnk"
"New folder.lnk","27-10-2025 04:19:30 PM","C:\Users\Dell\AppData\Roaming\Microsoft\Windows\Recent\New folder.lnk"
"Not found cases (2).lnk","24-01-2025 07:45:48 PM","C:\Users\Dell\AppData\Roaming\Microsoft\Windows\Recent\Not found cases (2).lnk"
"OCT_.xlsx.lnk","31-10-2025 04:50:52 PM","C:\Users\Dell\AppData\Roaming\Microsoft\Windows\Recent\OCT_.xlsx.lnk"
"on pager .png.lnk","16-07-2025 01:12:23 PM","C:\Users\Dell\AppData\Roaming\Microsoft\Windows\Recent\on pager .png.lnk"
"Overall (2).lnk","27-01-2025 05:04:51 PM","C:\Users\Dell\AppData\Roaming\Microsoft\Windows\Recent\Overall (2).lnk"
"Overall_merged (2).lnk","27-01-2025 05:13:24 PM","C:\Users\Dell\AppData\Roaming\Microsoft\Windows\Recent\Overall_merged (2).lnk"
"PAN CARD.jpg.lnk","24-10-2025 05:48:14 PM","C:\Users\Dell\AppData\Roaming\Microsoft\Windows\Recent\PAN CARD.jpg.lnk"
"PERSONALISED.lnk","20-09-2025 11:34:34 AM","C:\Users\Dell\AppData\Roaming\Microsoft\Windows\Recent\PERSONALISED.lnk"
"PERSONALISED.xlsx.lnk","25-07-2025 11:54:22 AM","C:\Users\Dell\AppData\Roaming\Microsoft\Windows\Recent\PERSONALISED.xlsx.lnk"
"Personlised.xlsx.lnk","24-10-2025 05:48:14 PM","C:\Users\Dell\AppData\Roaming\Microsoft\Windows\Recent\Personlised.xlsx.lnk"
"Picsart_25-10-30_13-40-37-543.png.lnk","30-10-2025 01:41:35 PM","C:\Users\Dell\AppData\Roaming\Microsoft\Windows\Recent\Picsart_25-10-30_13-40-37-543.png.lnk"
"Picture1.png.lnk","24-10-2025 07:07:38 PM","C:\Users\Dell\AppData\Roaming\Microsoft\Windows\Recent\Picture1.png.lnk"
"Pictures (2).lnk","14-06-2025 02:20:28 PM","C:\Users\Dell\AppData\Roaming\Microsoft\Windows\Recent\Pictures (2).lnk"
"Pictures (3).lnk","24-10-2025 07:07:38 PM","C:\Users\Dell\AppData\Roaming\Microsoft\Windows\Recent\Pictures (3).lnk"
"Pictures.lnk","18-01-2025 06:29:34 PM","C:\Users\Dell\AppData\Roaming\Microsoft\Windows\Recent\Pictures.lnk"
"PPT.html.lnk","22-07-2025 12:16:30 PM","C:\Users\Dell\AppData\Roaming\Microsoft\Windows\Recent\PPT.html.lnk"
"PPT.lnk","22-07-2025 12:20:00 PM","C:\Users\Dell\AppData\Roaming\Microsoft\Windows\Recent\PPT.lnk"
"pri.lnk","18-09-2025 10:48:12 AM","C:\Users\Dell\AppData\Roaming\Microsoft\Windows\Recent\pri.lnk"
"price.lnk","18-09-2025 10:49:59 AM","C:\Users\Dell\AppData\Roaming\Microsoft\Windows\Recent\price.lnk"
"priyam Id card.png.lnk","08-07-2025 12:35:08 PM","C:\Users\Dell\AppData\Roaming\Microsoft\Windows\Recent\priyam Id card.png.lnk"
"PriyamSoni_30-10-2025.csv.lnk","30-10-2025 07:09:42 PM","C:\Users\Dell\AppData\Roaming\Microsoft\Windows\Recent\PriyamSoni_30-10-2025.csv.lnk"
"PriyamSoni_report_26-09-2025.csv.lnk","26-09-2025 07:44:39 PM","C:\Users\Dell\AppData\Roaming\Microsoft\Windows\Recent\PriyamSoni_report_26-09-2025.csv.lnk"
"product price book.xlsx.lnk","18-09-2025 10:48:12 AM","C:\Users\Dell\AppData\Roaming\Microsoft\Windows\Recent\product price book.xlsx.lnk"
"Programs and Features.lnk","12-01-2025 03:02:00 PM","C:\Users\Dell\AppData\Roaming\Microsoft\Windows\Recent\Programs and Features.lnk"
"PTM QR.docx.lnk","17-06-2025 12:10:24 PM","C:\Users\Dell\AppData\Roaming\Microsoft\Windows\Recent\PTM QR.docx.lnk"
"Purple.jpeg.lnk","24-10-2025 07:10:25 PM","C:\Users\Dell\AppData\Roaming\Microsoft\Windows\Recent\Purple.jpeg.lnk"
"python app.py.lnk","29-10-2025 05:41:33 PM","C:\Users\Dell\AppData\Roaming\Microsoft\Windows\Recent\python app.py.lnk"
"qr-code-71769413.jpg.lnk","17-06-2025 12:05:23 PM","C:\Users\Dell\AppData\Roaming\Microsoft\Windows\Recent\qr-code-71769413.jpg.lnk"
"Receipt.lnk","31-10-2025 04:51:08 PM","C:\Users\Dell\AppData\Roaming\Microsoft\Windows\Recent\Receipt.lnk"
"RECEIPTS.xlsx.lnk","31-10-2025 04:51:08 PM","C:\Users\Dell\AppData\Roaming\Microsoft\Windows\Recent\RECEIPTS.xlsx.lnk"
"Recording 2025-01-25 152307.mp4.lnk","03-07-2025 04:54:34 PM","C:\Users\Dell\AppData\Roaming\Microsoft\Windows\Recent\Recording 2025-01-25 152307.mp4.lnk"
"Recording 2025-05-26 204358.mp4 (2).lnk","03-07-2025 04:53:27 PM","C:\Users\Dell\AppData\Roaming\Microsoft\Windows\Recent\Recording 2025-05-26 204358.mp4 (2).lnk"
"Recording 2025-05-26 204358.mp4.lnk","26-05-2025 08:44:01 PM","C:\Users\Dell\AppData\Roaming\Microsoft\Windows\Recent\Recording 2025-05-26 204358.mp4.lnk"
"Recording 2025-07-03 165250.mp4.lnk","03-07-2025 04:53:08 PM","C:\Users\Dell\AppData\Roaming\Microsoft\Windows\Recent\Recording 2025-07-03 165250.mp4.lnk"
"Rimpy Sharma _Enrollments (since Nov'24).lnk","16-01-2025 08:29:53 PM","C:\Users\Dell\AppData\Roaming\Microsoft\Windows\Recent\Rimpy Sharma _Enrollments (since Nov'24).lnk"
"RotateCookiesPage.html.lnk","16-07-2025 06:13:32 PM","C:\Users\Dell\AppData\Roaming\Microsoft\Windows\Recent\RotateCookiesPage.html.lnk"
"Royal-Bengal-Tiger.jpg.lnk","24-07-2025 07:04:45 PM","C:\Users\Dell\AppData\Roaming\Microsoft\Windows\Recent\Royal-Bengal-Tiger.jpg.lnk"
"Sahil Shaikh - 1000892408_receipt Cancelled.pdf.lnk","30-09-2025 03:57:17 PM","C:\Users\Dell\AppData\Roaming\Microsoft\Windows\Recent\Sahil Shaikh - 1000892408_receipt Cancelled.pdf.lnk"
"Screen Recording 2025-01-17 174743.lnk","17-01-2025 05:48:26 PM","C:\Users\Dell\AppData\Roaming\Microsoft\Windows\Recent\Screen Recording 2025-01-17 174743.lnk"
"Screen Recording 2025-07-03 165241.mp4.lnk","03-07-2025 04:53:46 PM","C:\Users\Dell\AppData\Roaming\Microsoft\Windows\Recent\Screen Recording 2025-07-03 165241.mp4.lnk"
"Screen Recordings (2).lnk","03-07-2025 04:53:46 PM","C:\Users\Dell\AppData\Roaming\Microsoft\Windows\Recent\Screen Recordings (2).lnk"
"Screen Recordings.lnk","17-01-2025 05:48:26 PM","C:\Users\Dell\AppData\Roaming\Microsoft\Windows\Recent\Screen Recordings.lnk"
"Screenshot 2025-05-01 104940.png.lnk","14-06-2025 02:20:34 PM","C:\Users\Dell\AppData\Roaming\Microsoft\Windows\Recent\Screenshot 2025-05-01 104940.png.lnk"
"Screenshot 2025-05-23 183659.png.lnk","14-06-2025 02:20:39 PM","C:\Users\Dell\AppData\Roaming\Microsoft\Windows\Recent\Screenshot 2025-05-23 183659.png.lnk"
"Screenshot 2025-06-02 183855.png.lnk","24-10-2025 07:08:49 PM","C:\Users\Dell\AppData\Roaming\Microsoft\Windows\Recent\Screenshot 2025-06-02 183855.png.lnk"
"Screenshot 2025-06-17 120122.png.lnk","24-10-2025 07:08:16 PM","C:\Users\Dell\AppData\Roaming\Microsoft\Windows\Recent\Screenshot 2025-06-17 120122.png.lnk"
"Screenshot 2025-07-09 164213.png.lnk","09-07-2025 04:42:17 PM","C:\Users\Dell\AppData\Roaming\Microsoft\Windows\Recent\Screenshot 2025-07-09 164213.png.lnk"
"Screenshot 2025-09-19 192728.png.lnk","19-09-2025 07:27:34 PM","C:\Users\Dell\AppData\Roaming\Microsoft\Windows\Recent\Screenshot 2025-09-19 192728.png.lnk"
"Screenshots (2).lnk","16-07-2025 01:12:23 PM","C:\Users\Dell\AppData\Roaming\Microsoft\Windows\Recent\Screenshots (2).lnk"
"Screenshots (3).lnk","24-10-2025 07:08:49 PM","C:\Users\Dell\AppData\Roaming\Microsoft\Windows\Recent\Screenshots (3).lnk"
"Screenshots.lnk","23-01-2025 07:26:18 PM","C:\Users\Dell\AppData\Roaming\Microsoft\Windows\Recent\Screenshots.lnk"
"SEP'25.xlsx.lnk","25-10-2025 04:49:52 PM","C:\Users\Dell\AppData\Roaming\Microsoft\Windows\Recent\SEP'25.xlsx.lnk"
"Service type wise.lnk","23-01-2025 07:26:17 PM","C:\Users\Dell\AppData\Roaming\Microsoft\Windows\Recent\Service type wise.lnk"
"Session 1.pptx.lnk","22-07-2025 12:19:46 PM","C:\Users\Dell\AppData\Roaming\Microsoft\Windows\Recent\Session 1.pptx.lnk"
"Session 2.pptx.lnk","22-07-2025 12:20:00 PM","C:\Users\Dell\AppData\Roaming\Microsoft\Windows\Recent\Session 2.pptx.lnk"
"SLOT AUTO.xlsx.lnk","27-10-2025 01:44:25 PM","C:\Users\Dell\AppData\Roaming\Microsoft\Windows\Recent\SLOT AUTO.xlsx.lnk"
"Stock_Analysis_Template.xlsx.lnk","25-10-2025 04:49:52 PM","C:\Users\Dell\AppData\Roaming\Microsoft\Windows\Recent\Stock_Analysis_Template.xlsx.lnk"
"System (2).lnk","24-01-2025 06:09:41 PM","C:\Users\Dell\AppData\Roaming\Microsoft\Windows\Recent\System (2).lnk"
"System (3).lnk","07-10-2025 12:35:52 PM","C:\Users\Dell\AppData\Roaming\Microsoft\Windows\Recent\System (3).lnk"
"System.lnk","12-10-2024 03:10:22 PM","C:\Users\Dell\AppData\Roaming\Microsoft\Windows\Recent\System.lnk"
"team_showcase.html.lnk","16-07-2025 06:16:03 PM","C:\Users\Dell\AppData\Roaming\Microsoft\Windows\Recent\team_showcase.html.lnk"
"templates.lnk","29-10-2025 05:41:33 PM","C:\Users\Dell\AppData\Roaming\Microsoft\Windows\Recent\templates.lnk"
"test.lnk","12-07-2025 01:14:32 PM","C:\Users\Dell\AppData\Roaming\Microsoft\Windows\Recent\test.lnk"
"uk flag - Google Search_files.lnk","16-07-2025 06:13:32 PM","C:\Users\Dell\AppData\Roaming\Microsoft\Windows\Recent\uk flag - Google Search_files.lnk"
"UK_Daily_Report - 30-10-2025.pdf.lnk","03-10-2025 07:38:54 PM","C:\Users\Dell\AppData\Roaming\Microsoft\Windows\Recent\UK_Daily_Report - 30-10-2025.pdf.lnk"
"Untitled 1.png (2).lnk","17-06-2025 12:01:00 PM","C:\Users\Dell\AppData\Roaming\Microsoft\Windows\Recent\Untitled 1.png (2).lnk"
"Untitled 1.png.lnk","29-05-2025 10:10:55 AM","C:\Users\Dell\AppData\Roaming\Microsoft\Windows\Recent\Untitled 1.png.lnk"
"Untitled video.mp4.lnk","25-06-2025 01:06:59 PM","C:\Users\Dell\AppData\Roaming\Microsoft\Windows\Recent\Untitled video.mp4.lnk"
"Untitled-1.py.lnk","30-12-2024 04:50:24 PM","C:\Users\Dell\AppData\Roaming\Microsoft\Windows\Recent\Untitled-1.py.lnk"
"Untitled-2.lnk","01-01-2025 03:05:01 PM","C:\Users\Dell\AppData\Roaming\Microsoft\Windows\Recent\Untitled-2.lnk"
"USA APPLICATION DATA (2).lnk","24-01-2025 07:45:48 PM","C:\Users\Dell\AppData\Roaming\Microsoft\Windows\Recent\USA APPLICATION DATA (2).lnk"
"USA_Daily_Report 03-10-2025- Google Docs.pdf.lnk","03-10-2025 07:38:24 PM","C:\Users\Dell\AppData\Roaming\Microsoft\Windows\Recent\USA_Daily_Report 03-10-2025- Google Docs.pdf.lnk"
"veri.lnk","18-09-2025 03:48:06 PM","C:\Users\Dell\AppData\Roaming\Microsoft\Windows\Recent\veri.lnk"
"Videos (2).lnk","03-07-2025 04:54:34 PM","C:\Users\Dell\AppData\Roaming\Microsoft\Windows\Recent\Videos (2).lnk"
"Videos.lnk","26-05-2025 08:44:01 PM","C:\Users\Dell\AppData\Roaming\Microsoft\Windows\Recent\Videos.lnk"
"View network status and tasks.lnk","24-01-2025 06:14:43 PM","C:\Users\Dell\AppData\Roaming\Microsoft\Windows\Recent\View network status and tasks.lnk"
"visa fair report.lnk","25-06-2025 02:30:59 PM","C:\Users\Dell\AppData\Roaming\Microsoft\Windows\Recent\visa fair report.lnk"
"VLOOK UP 2nd trial-VEED.mp4.lnk","25-06-2025 03:18:18 PM","C:\Users\Dell\AppData\Roaming\Microsoft\Windows\Recent\VLOOK UP 2nd trial-VEED.mp4.lnk"
"VLOOK UP 2nd trial.mp4.lnk","25-06-2025 01:07:40 PM","C:\Users\Dell\AppData\Roaming\Microsoft\Windows\Recent\VLOOK UP 2nd trial.mp4.lnk"
"VLOOK UP 3rd trial.mp4.lnk","25-06-2025 01:10:49 PM","C:\Users\Dell\AppData\Roaming\Microsoft\Windows\Recent\VLOOK UP 3rd trial.mp4.lnk"
"VLOOK UP TRIAL4 .mp4.lnk","25-06-2025 03:18:38 PM","C:\Users\Dell\AppData\Roaming\Microsoft\Windows\Recent\VLOOK UP TRIAL4 .mp4.lnk"
"VLOOK UP.mp4.lnk","25-06-2025 02:22:51 PM","C:\Users\Dell\AppData\Roaming\Microsoft\Windows\Recent\VLOOK UP.mp4.lnk"
"VLOOK_UP_2nd_trial-VEED.mp4_1750842051305.mp4.lnk","25-06-2025 02:30:59 PM","C:\Users\Dell\AppData\Roaming\Microsoft\Windows\Recent\VLOOK_UP_2nd_trial-VEED.mp4_1750842051305.mp4.lnk"
"WAG (2).xlsx.lnk","29-10-2025 06:25:57 PM","C:\Users\Dell\AppData\Roaming\Microsoft\Windows\Recent\WAG (2).xlsx.lnk"
"WAG.xlsx.lnk","29-10-2025 01:31:02 PM","C:\Users\Dell\AppData\Roaming\Microsoft\Windows\Recent\WAG.xlsx.lnk"
"WhatsApp Image 2025-07-02 at 18.54.12_73e0be78.jpg.lnk","02-07-2025 06:57:15 PM","C:\Users\Dell\AppData\Roaming\Microsoft\Windows\Recent\WhatsApp Image 2025-07-02 at 18.54.12_73e0be78.jpg.lnk"
"WhatsApp Image 2025-07-12 at 00.18.14_8ceddf9b.jpg.lnk","14-07-2025 11:07:42 AM","C:\Users\Dell\AppData\Roaming\Microsoft\Windows\Recent\WhatsApp Image 2025-07-12 at 00.18.14_8ceddf9b.jpg.lnk"
"WhatsApp Image 2025-08-14 at 18.00.14_1341859b.jpg.lnk","11-10-2025 01:12:29 PM","C:\Users\Dell\AppData\Roaming\Microsoft\Windows\Recent\WhatsApp Image 2025-08-14 at 18.00.14_1341859b.jpg.lnk"
"WhatsApp Image 2025-10-29 at 19.40.00_3d7c9d8d.jpg.lnk","30-10-2025 01:36:04 PM","C:\Users\Dell\AppData\Roaming\Microsoft\Windows\Recent\WhatsApp Image 2025-10-29 at 19.40.00_3d7c9d8d.jpg.lnk"
"WhatsApp Video 2025-08-01 at 15.15.18_d67bfa93.mp4.lnk","16-09-2025 07:11:27 PM","C:\Users\Dell\AppData\Roaming\Microsoft\Windows\Recent\WhatsApp Video 2025-08-01 at 15.15.18_d67bfa93.mp4.lnk"
"WhatsApp_Image_2025_07_02_at_9_39_57_AM.jpeg.lnk","02-07-2025 07:29:05 PM","C:\Users\Dell\AppData\Roaming\Microsoft\Windows\Recent\WhatsApp_Image_2025_07_02_at_9_39_57_AM.jpeg.lnk"
"Widget.html.lnk","17-09-2025 06:48:54 PM","C:\Users\Dell\AppData\Roaming\Microsoft\Windows\Recent\Widget.html.lnk"
"wor.lnk","18-09-2025 05:03:56 PM","C:\Users\Dell\AppData\Roaming\Microsoft\Windows\Recent\wor.lnk"
"work.lnk","14-07-2025 07:34:10 PM","C:\Users\Dell\AppData\Roaming\Microsoft\Windows\Recent\work.lnk"
"Workin.lnk","03-10-2025 07:30:23 PM","C:\Users\Dell\AppData\Roaming\Microsoft\Windows\Recent\Workin.lnk"
"working (2).lnk","19-09-2025 03:46:02 PM","C:\Users\Dell\AppData\Roaming\Microsoft\Windows\Recent\working (2).lnk"
"Working sheet.xlsm (2).lnk","03-10-2025 07:30:17 PM","C:\Users\Dell\AppData\Roaming\Microsoft\Windows\Recent\Working sheet.xlsm (2).lnk"
"Working sheet.xlsm.lnk","27-09-2025 07:24:05 PM","C:\Users\Dell\AppData\Roaming\Microsoft\Windows\Recent\Working sheet.xlsm.lnk"
"Working sheet.xlsx.lnk","25-07-2025 06:59:33 PM","C:\Users\Dell\AppData\Roaming\Microsoft\Windows\Recent\Working sheet.xlsx.lnk"
"Working.lnk","22-07-2025 11:27:06 AM","C:\Users\Dell\AppData\Roaming\Microsoft\Windows\Recent\Working.lnk"
